{
    "Records": [
        {
            "eventID": "9e7c09e01be9768ff862312135f37745",
            "eventName": "REMOVE",
            "eventVersion": "1.1",
            "eventSource": "aws:dynamodb",
            "awsRegion": "us-east-2",
            "dynamodb": {
                "ApproximateCreationDateTime": 1683051336.0,
                "Keys": {
                    "device_id": {
                        "S": "12123213"
                    }
                },
                "OldImage": {
                    "device_id": {
                        "S": "12123213"
                    }
                },
                "SequenceNumber": "200000000000583744259",
                "SizeBytes": 34,
                "StreamViewType": "NEW_AND_OLD_IMAGES"
            },
            "eventSourceARN": "arn:aws:dynamodb:us-east-2:<13221321>:table/openadr-NHEC-STAGING-devices/stream/2023-05-02T17:29:20.256"
        }
    ]
}