setting_id,device_id,name,value,valid_at
841a1d93da4f628fb54df8a06a3948,2889aa388e6ee97b6cc9ce24ff041080,Tmin,69.0,1678118400
90da4dc4e74894a3c11d787ddee5d1,2889aa388e6ee97b6cc9ce24ff041080,Tmax,76.5,1678118400
2ee0f7c5d64a9187b6085dde24cac0,2889aa388e6ee97b6cc9ce24ff041080,Tdesired,72.3,1678118400
bfa498ac954040abb1fc2c9838bf4e,2889aa388e6ee97b6cc9ce24ff041080,Khvac,0.8,1678118400
61472981f74930899e1c00903150be,8f692ff3f9519b9dc15e760962be76,Khw,0.5,1678118400
2ba73f2f3048ada9fab9dbbb3c0241,72f325e06b1b60211bfcb6f2b530a2d,Qdesired,35.9,1678118400
1b9edbcfc14dc1ac315951039d2c6b,72f325e06b1b60211bfcb6f2b530a2d,tdone,1678131592.3,1678118400
4f06de7c5047509b1c3fa6e124d0a1,72f325e06b1b60211bfcb6f2b530a2d,Kev,0.9,1678118400
b12f1225eb43529af587a47ac55068,3bd3c653deee0956613cb09229e5e52a,Qdesired,37.3,1678118400
caed81dd2a4a3789dfc1c3c06d50e6,3bd3c653deee0956613cb09229e5e52a,Kes,0.1,1678118400
c15f1a8395415699c41322be254296,6f3c8f85a30e642656a9442b2d7093b7,Tmin,71.3,1678118400
210bd971ce4941be8bb452214b950c,6f3c8f85a30e642656a9442b2d7093b7,Tmax,76.0,1678118400
5a88bc2a554b38b83ba3f780ed0586,6f3c8f85a30e642656a9442b2d7093b7,Tdesired,73.6,1678118400
8b23da942c436b933280b1f93d3822,6f3c8f85a30e642656a9442b2d7093b7,Khvac,0.1,1678118400
0edbea53564115a2cb976369332057,4be8ca5eebbedb5c451200f582453247,Khw,0.0,1678118400
f35026aa8a4fe685ec7f0fc25cfec9,405a79d39f7068b07b9357bb13929d6a,Qdesired,21.3,1678118400
0ebfcf20cd4211bc4ec415af9e67dd,405a79d39f7068b07b9357bb13929d6a,tdone,1678123380.2,1678118400
765a20e2c0451287b9335086af8779,405a79d39f7068b07b9357bb13929d6a,Kev,0.3,1678118400
b8d88a599246928b631c624fe6b284,320d141048c23741139cc30262369a86,Qdesired,27.2,1678118400
4677f87549499680d270657323b441,320d141048c23741139cc30262369a86,Kes,0.1,1678118400
8af3a259cf4305b3c83ef1271e4d0b,bee47a9935776f7993c5b81e67441b,Tmin,69.7,1678118400
6307c9d76140659e272d4c2e08b670,bee47a9935776f7993c5b81e67441b,Tmax,76.5,1678118400
c142784d1e4e998eb4bff8da19a06e,bee47a9935776f7993c5b81e67441b,Tdesired,74.4,1678118400
25e00dd96c48778a680cbba8d89861,bee47a9935776f7993c5b81e67441b,Khvac,0.1,1678118400
853b3b3e704eb5a3b8035f4e81aebd,48803622a2417b5716b2e6f3303c79b2,Khw,0.6,1678118400
2c60323046441b80c603c1e7bae126,6d2cc950a67bd6f5fdbe189e59997a5,Qdesired,21.4,1678118400
ae1349d8884bb0abbd23faf8c3d8a3,6d2cc950a67bd6f5fdbe189e59997a5,tdone,1678125172.3,1678118400
dfad4c53684a8daa83663667c5414b,6d2cc950a67bd6f5fdbe189e59997a5,Kev,0.2,1678118400
69e84efd1b435aaeff918ba42469a7,35c8034bfc82e89c27394ab1d0b1a13c,Qdesired,24.1,1678118400
36cc18e6b34b2cb52497ff7d47dfb4,35c8034bfc82e89c27394ab1d0b1a13c,Kes,0.9,1678118400
394f5739404122ac3658c18aca4836,74ef3dee1437a924552702b21b367d61,Tmin,68.2,1678118400
b93fd1c9e1423383d5ba4b4b2ca965,74ef3dee1437a924552702b21b367d61,Tmax,76.3,1678118400
f3b7c455c24ffcb44a9fa2f9470672,74ef3dee1437a924552702b21b367d61,Tdesired,71.9,1678118400
fc0e2ebdf645b1a1b0b56c5d5171b1,74ef3dee1437a924552702b21b367d61,Khvac,0.4,1678118400
d961a35db84721af6ce17bd998bd03,4b7bb5b0a4ace8c3ec88469b04fc8a,Khw,0.9,1678118400
be2fb5c9684dd4962b5eac4852c468,2873d4c5d5dcb655651e6a40584bfb99,Qdesired,21.2,1678118400
9d1df99a1f4ed395b25161fbde2447,2873d4c5d5dcb655651e6a40584bfb99,tdone,1678141097.9,1678118400
8076ac267b497a894002f0e1cdbc9c,2873d4c5d5dcb655651e6a40584bfb99,Kev,0.8,1678118400
5ea8e5841648579167b120983e28db,bb6b4854ff039b315f35029a3deaecf,Qdesired,34.5,1678118400
0c1a0eaa0a48f8b8f0e3c52a4d7452,bb6b4854ff039b315f35029a3deaecf,Kes,0.2,1678118400
ad0ce3d99b4e35a7159b26d49fc236,531a982c30b4e39963c676d51638438,Tmin,68.3,1678118400
017cab9959435892abade7857c60f6,531a982c30b4e39963c676d51638438,Tmax,76.0,1678118400
2ea469e973477f99fd125640d88104,531a982c30b4e39963c676d51638438,Tdesired,69.2,1678118400
6d56dc5d2247669c079fce4334a523,531a982c30b4e39963c676d51638438,Khvac,0.5,1678118400
ce372628224941b51d62a67d0d4215,5e6ecc0d5b87213236f67f64f67bf5a3,Khw,0.7,1678118400
65d780a6b745d596a040a15e1e2609,7451d975e7f63a34320367cd6559a090,Qdesired,19.9,1678118400
b31f0839ef4eb09e3d2deef1571e75,7451d975e7f63a34320367cd6559a090,tdone,1678138016.1,1678118400
ba85c556a7403ab03514786077b35d,7451d975e7f63a34320367cd6559a090,Kev,0.2,1678118400
ab9b784ccc4e3fb73968195d730814,25fb1392be789bd0113cb431cbf996f5,Qdesired,21.5,1678118400
4bb7af1ab645979b698d6b880e3083,25fb1392be789bd0113cb431cbf996f5,Kes,0.5,1678118400
baeb2e7c034327a471ac3892bc6665,23b2bee2f74dd5355dec114eace5055f,Tmin,69.1,1678118400
28886632974beebf75700a130d1972,23b2bee2f74dd5355dec114eace5055f,Tmax,74.9,1678118400
3e2cab01254ee1bd04d593e8312261,23b2bee2f74dd5355dec114eace5055f,Tdesired,71.3,1678118400
17612076cd446ab0a20b5b88b76849,23b2bee2f74dd5355dec114eace5055f,Khvac,0.1,1678118400
79b38b56954e21935af78e0dde39b4,24c02a5bf96955bb1f84c500e2cf2703,Khw,0.9,1678118400
b6c9256d984c57a09c3c9824463fc0,1e95ef21fe9e88d5dd06378592b7b8,Qdesired,13.7,1678118400
e7f735dbba4118bf3d312bf5ec3363,1e95ef21fe9e88d5dd06378592b7b8,tdone,1678130981.5,1678118400
0df6f617464c549b1c6b9685b9dfa7,1e95ef21fe9e88d5dd06378592b7b8,Kev,0.8,1678118400
d6e4fbc75a4553bbbc4eea14d11fde,1bfefbae2e66ab6f672db05bcd3460ca,Qdesired,12.0,1678118400
b5b6d70e874bcb868a9366629b7e14,1bfefbae2e66ab6f672db05bcd3460ca,Kes,1.0,1678118400
809003568742ac94812e0d8dbb6d30,1324ff57eb14fc875a605710669a9cf,Tmin,68.6,1678118400
8755755ebf49fa963ff2690c265e46,1324ff57eb14fc875a605710669a9cf,Tmax,77.1,1678118400
7366dbfc5c4431bb4263c6dcb6a367,1324ff57eb14fc875a605710669a9cf,Tdesired,76.7,1678118400
ce0e6c2ee0466fbf2a9425f5b725e0,1324ff57eb14fc875a605710669a9cf,Khvac,0.6,1678118400
8e5bac2912479587b55fa2d8ebae74,251b5a23265d4db457ddb760c27817,Khw,0.3,1678118400
c6bfb93adf4882aa4d9cc21fea5eb4,6607c322ee7d606883c3b53e111012d,Qdesired,33.3,1678118400
ef8debfc51473ba584789863e6cff2,6607c322ee7d606883c3b53e111012d,tdone,1678123066.1,1678118400
ef8ff548f0432a94779ded34f06e21,6607c322ee7d606883c3b53e111012d,Kev,0.1,1678118400
6d697130a24d8db76908e3c201cc4e,3b33359b7a276727449459ab65f020de,Qdesired,22.6,1678118400
ec11794ed2482281566d52c28ee600,3b33359b7a276727449459ab65f020de,Kes,0.8,1678118400
f056012c664a6ebc76dc5e0eaebce0,60e367be790447d7103f4940e5909c11,Tmin,71.1,1678118400
23970c014d4e73a99bcbb04eb31bbf,60e367be790447d7103f4940e5909c11,Tmax,76.4,1678118400
fd0bdfef6c40ccbc4dd76ee2c42bee,60e367be790447d7103f4940e5909c11,Tdesired,73.4,1678118400
230f9402ca4c6c994a5c4e70550d8a,60e367be790447d7103f4940e5909c11,Khvac,0.7,1678118400
67b5ed609c4ae596a0344878c9ed3c,89e619a633457d519ce999c39eba76e,Khw,0.8,1678118400
4d31e722994791b6a13f9b654e934f,30b5dd8eae331fab387d4c4db38aa68d,Qdesired,35.0,1678118400
930906ae5a4bf7832bef77e85d1edd,30b5dd8eae331fab387d4c4db38aa68d,tdone,1678142421.7,1678118400
d05bc6e8704c67b39a414343a89f68,30b5dd8eae331fab387d4c4db38aa68d,Kev,0.7,1678118400
7cb903b99e4fe584de447f457d5e32,f46fcb7d873d546404c53b490fc5c7,Qdesired,23.0,1678118400
cb0060e10b4f98806bac0ba832c2a6,f46fcb7d873d546404c53b490fc5c7,Kes,1.0,1678118400
12876ec0b24193baa5558de9e3c080,1c31fd57b1415e4718017d1d172df3e1,Tmin,68.2,1678118400
bad9ee1e194846a36ccf4c1e7f6c3c,1c31fd57b1415e4718017d1d172df3e1,Tmax,77.6,1678118400
407390f1da4a3f8cf5f767404565c7,1c31fd57b1415e4718017d1d172df3e1,Tdesired,77.0,1678118400
ed6c62a99f4aee80dabd69bbd18b01,1c31fd57b1415e4718017d1d172df3e1,Khvac,0.5,1678118400
66b39c81c344d38ea890004df8c672,2c4d7771be161fc52d7405f41cf296f9,Khw,0.5,1678118400
5df62b4c66455c80e7f2e97d8bae67,2349905529a86a4ee5b655a24840e77,Qdesired,10.6,1678118400
773fac551740918fd4c3289f436a95,2349905529a86a4ee5b655a24840e77,tdone,1678146274.4,1678118400
c51d68b1934ab9956829314b8e7dcf,2349905529a86a4ee5b655a24840e77,Kev,0.0,1678118400
b8e4084ea1455db860e0bba996ceec,4d475074e704799039e36ed22c100e77,Qdesired,16.4,1678118400
3f388588134ab4b30dfacccb583bfe,4d475074e704799039e36ed22c100e77,Kes,0.8,1678118400
1a5bf809b042c19205e98e58497db8,9f26c87844533929ba98f25788eb08,Tmin,71.9,1678118400
695ad18e34485e9e21e5324cd3abc4,9f26c87844533929ba98f25788eb08,Tmax,76.0,1678118400
d95ca38c3a40728d7e395c9eb190ab,9f26c87844533929ba98f25788eb08,Tdesired,74.5,1678118400
7fa648bd9648f791442c8d451011b8,9f26c87844533929ba98f25788eb08,Khvac,0.5,1678118400
f23aa2c581485cabb581eae865a9f5,27c40eef604f9b2769030baadd445f8,Khw,0.1,1678118400
4b7824ffc843a0aa2f3c1e9d219314,6954b05bb953e1013a7ce34ed3986f53,Qdesired,21.6,1678118400
5548ac8c3b4fcf9e202e59e5a10ee6,6954b05bb953e1013a7ce34ed3986f53,tdone,1678136241.7,1678118400
89b78a38f6431db3ed6a5c16079e5b,6954b05bb953e1013a7ce34ed3986f53,Kev,0.6,1678118400
121b85a3ed41d59173506e15d8977e,1eb7c1bc0cfc18a92d7f818e69790616,Qdesired,14.1,1678118400
a1203520a74d41b63f70a38d0bed80,1eb7c1bc0cfc18a92d7f818e69790616,Kes,0.4,1678118400
863e11b1c445b8bfa25a943fdef9bf,37952fec43fe0192cce6ae450a17d0e,Tmin,68.5,1678118400
99418c8b5e404b8bf13a58d77aafbc,37952fec43fe0192cce6ae450a17d0e,Tmax,75.0,1678118400
aa23da2dac4205ae4b6f86ca7b2902,37952fec43fe0192cce6ae450a17d0e,Tdesired,72.8,1678118400
9819d98b6a43ed8ceaafe90882195a,37952fec43fe0192cce6ae450a17d0e,Khvac,0.2,1678118400
46294465dd44f19402295498f1b6fe,f133d9b0e0f4ceb1bb85e4eca2a4826,Khw,0.6,1678118400
5402d062704b718b60bf246275d0d1,7ea238a27d5c3a2f2e04ef4158bb2c5a,Qdesired,35.5,1678118400
2df31375c3498b8bd3e990079499d1,7ea238a27d5c3a2f2e04ef4158bb2c5a,tdone,1678140646.7,1678118400
9c4584ae774377b96b5c26612ac936,7ea238a27d5c3a2f2e04ef4158bb2c5a,Kev,0.3,1678118400
7afcebdf574eff99e0d9e998752a9c,271d97d106ed7d216f19a27e7700a111,Qdesired,14.8,1678118400
0108ef9eda426d96cd630348c19156,271d97d106ed7d216f19a27e7700a111,Kes,0.6,1678118400
1b6c3b54eb4cd7a262f5e3c49a623f,1e5c43db2a3a9e6a784477e62c65d93d,Tmin,69.2,1678118400
5edcee4b4a451882d6a27eb01bb60d,1e5c43db2a3a9e6a784477e62c65d93d,Tmax,77.7,1678118400
88b74383a04967b5a04a4654c0d066,1e5c43db2a3a9e6a784477e62c65d93d,Tdesired,77.7,1678118400
48e504bcaa42d2b00816430665fda1,1e5c43db2a3a9e6a784477e62c65d93d,Khvac,0.3,1678118400
310fb58d784ef7b0a32dbe4b85c25b,741401d58c7534ee7d5d511541553756,Khw,0.1,1678118400
437cc99d994196b260c057ae742bf0,4985f76adcf86a9a1c240c29f862c6f8,Qdesired,13.6,1678118400
68399299864194b850778897eafb5e,4985f76adcf86a9a1c240c29f862c6f8,tdone,1678132104.0,1678118400
42917a397c4cdd8ee5eebf52ebfbf7,4985f76adcf86a9a1c240c29f862c6f8,Kev,0.7,1678118400
c0fa8e1a2b4e439323a1b1a4f8e932,975b1074ab6103b7af8dd3e6fcdbef8,Qdesired,34.6,1678118400
483bf90e8e4b33ad617973cb3b1cfe,975b1074ab6103b7af8dd3e6fcdbef8,Kes,0.4,1678118400
6996e00ba04d97b6d889a40ee46659,6d42a5be9f5edcca44dcde5cfaf86716,Tmin,68.2,1678118400
dfceebf9274f80a236c399a4bd6eb4,6d42a5be9f5edcca44dcde5cfaf86716,Tmax,76.0,1678118400
1706d95e5845aba6f3a33894eb90f4,6d42a5be9f5edcca44dcde5cfaf86716,Tdesired,75.8,1678118400
423d3dfc454e2baf89dfa5d3e6d677,6d42a5be9f5edcca44dcde5cfaf86716,Khvac,1.0,1678118400
594d3d75684a74a379b76c2fdb52e4,51e7dfef52094e3e5560431040d1544a,Khw,0.0,1678118400
4050f9a4314e45997c6b082e960148,562b654669a930deab3683cbe8a154,Qdesired,28.4,1678118400
4102b32d4b47698d34309a55641583,562b654669a930deab3683cbe8a154,tdone,1678131944.4,1678118400
8061b3966d445382df712853834ec6,562b654669a930deab3683cbe8a154,Kev,0.9,1678118400
61ac08bf2e4d7c8abaddf34758c7cd,10abb0000ddccad2597652a0f2bc348c,Qdesired,17.3,1678118400
c31544064e4987a2397bdff91fddb3,10abb0000ddccad2597652a0f2bc348c,Kes,0.8,1678118400
926cf6c1b8430b8385d7267a96b75e,29b18afb0a454ad86c17dac02cf3fd00,Tmin,68.4,1678118400
17cedb7df141c28d8a6722f769f441,29b18afb0a454ad86c17dac02cf3fd00,Tmax,76.2,1678118400
e960a08edb423a8eb5c3f61132b57b,29b18afb0a454ad86c17dac02cf3fd00,Tdesired,72.8,1678118400
3ce62ca91041028aac8475344287af,29b18afb0a454ad86c17dac02cf3fd00,Khvac,0.9,1678118400
422c80253c4cd3a685f564425a177c,28b07b61555f33443b9b3189b46e985b,Khw,0.5,1678118400
57d251aae14f06aa7820c81c26b008,2eac6496660435f3b9435e89dbf45be,Qdesired,25.8,1678118400
bb368bd33140969cb46b089b789642,2eac6496660435f3b9435e89dbf45be,tdone,1678145562.2,1678118400
a0a209961548c78347ecb0996a554b,2eac6496660435f3b9435e89dbf45be,Kev,0.7,1678118400
0c74c24e1a4f1c8f9bb98dd17d3e86,2f6c6fc8aad76c522c16494b949aadce,Qdesired,35.5,1678118400
a764a154d849e3a8103193241eba83,2f6c6fc8aad76c522c16494b949aadce,Kes,0.6,1678118400
f26b871e784ccea74df1a350025fa9,16e2a3a9e0274052644d8e3c61a137a3,Tmin,71.5,1678118400
b502ef02f045f3967b70d9efe322ac,16e2a3a9e0274052644d8e3c61a137a3,Tmax,77.3,1678118400
6f2e5ef02641838837a4a383b39e6a,16e2a3a9e0274052644d8e3c61a137a3,Tdesired,76.7,1678118400
caa02c1e7249f28bf3a4bc6636591b,16e2a3a9e0274052644d8e3c61a137a3,Khvac,0.9,1678118400
c4a60f0ca7450b8331cce6bdd06c3b,a9a65d48204b1921f781aa6da845d13,Khw,0.4,1678118400
2b56fa22bd42bb88c59fe18436a7e9,6d90b51a32eb15b45196c0bcb99f6bd9,Qdesired,18.2,1678118400
ac2daf0b2541afb19d82decff04a69,6d90b51a32eb15b45196c0bcb99f6bd9,tdone,1678139452.3,1678118400
3105a4568740a996d5a604b2ab4533,6d90b51a32eb15b45196c0bcb99f6bd9,Kev,0.9,1678118400
46d58694634a4792657d5174f83535,18f851f44a2838f9178b4051266ee240,Qdesired,14.1,1678118400
76fc965ff94e9ab301537fb5c89e33,18f851f44a2838f9178b4051266ee240,Kes,0.7,1678118400
98a249e1fd4dce85f63df5f43a149c,6d8e69caba18016169baa748c9464099,Tmin,68.3,1678118400
ea6126f66d4980ad60185a9fc223e0,6d8e69caba18016169baa748c9464099,Tmax,77.7,1678118400
726cce0a8048948dea94ed098f1fb8,6d8e69caba18016169baa748c9464099,Tdesired,70.0,1678118400
de5b142e0a4250bb56958a9e8aeadb,6d8e69caba18016169baa748c9464099,Khvac,0.8,1678118400
86c2ffc6174d42b0ed617d79ae3009,6f2be651fbdc6ded467dcd154c5819a4,Khw,0.8,1678118400
5169e162d84f1b90827fbe3ae10852,71b6381edb058a9c61b711bcf0d8058c,Qdesired,31.7,1678118400
455e6bc4074d5b89bcaebba00be417,71b6381edb058a9c61b711bcf0d8058c,tdone,1678129121.5,1678118400
99a981c5874566952cc5ed692013dd,71b6381edb058a9c61b711bcf0d8058c,Kev,0.0,1678118400
ab575545084c4b80c28e740c0aa2ab,42ec86c40fcab1d41ad2a3da0fb3f100,Qdesired,28.4,1678118400
92296f313e417d95ea0983cbf387c0,42ec86c40fcab1d41ad2a3da0fb3f100,Kes,0.3,1678118400
fa298219bb4127b334e6acec9a98cf,20c0a76c2e624d7644908c555b4dfac5,Tmin,68.4,1678118400
8595fb5fa8407e86defd6ba3eefb82,20c0a76c2e624d7644908c555b4dfac5,Tmax,74.4,1678118400
1a61ea4dcc49bc9df193afebff3b71,20c0a76c2e624d7644908c555b4dfac5,Tdesired,69.1,1678118400
c3f5f829b64337b2554e154875bbe3,20c0a76c2e624d7644908c555b4dfac5,Khvac,0.8,1678118400
70b76a5a7648ff8833b22f610f55b2,77900a55063dd5aa5fdde9a1ba2dfdfc,Khw,0.8,1678118400
c03289a08247c18e62a52f6a87062c,80b809409bc4d9e5fd88fab1296cfbd,Qdesired,17.1,1678118400
f96f7861db4064a7ded2d5a41d1ece,80b809409bc4d9e5fd88fab1296cfbd,tdone,1678133886.0,1678118400
5fa5b41ebb45d9b53dfd4f697398f1,80b809409bc4d9e5fd88fab1296cfbd,Kev,0.0,1678118400
1e6bc98c7e4dbea4b92254936ca7e1,201a6f3f0c522c036339c3c2fc8ea0a7,Qdesired,37.5,1678118400
58bdccba624ce5b6929c223ee95eca,201a6f3f0c522c036339c3c2fc8ea0a7,Kes,0.3,1678118400
2d47ad188d46faa6da7d03cbcc520e,4ba376c82d9e9e943c06a86220a8c701,Tmin,70.2,1678118400
543d5638824724aed8932b58933d63,4ba376c82d9e9e943c06a86220a8c701,Tmax,77.8,1678118400
32e8d594d44357857b09a8dadcaf49,4ba376c82d9e9e943c06a86220a8c701,Tdesired,77.4,1678118400
8e822dea8c4032a1aca85a5bb6482b,4ba376c82d9e9e943c06a86220a8c701,Khvac,0.7,1678118400
4c7d3adcee4065854ff48320b2094a,73f020fbcf46dcad3d08b6d69ba2abce,Khw,0.3,1678118400
ecbc3a2a8f4a05bc87328ff83de676,56ab73b4a09fa523244926ef180c4e7e,Qdesired,13.2,1678118400
f8277ab476453d8b73334d8083d4f7,56ab73b4a09fa523244926ef180c4e7e,tdone,1678133472.2,1678118400
b350f5a697422bb3915afc767d103b,56ab73b4a09fa523244926ef180c4e7e,Kev,0.2,1678118400
16ffbe831b4c8a8779c0ebc87d05ac,64533959323eb3272d75ac34202517ce,Qdesired,12.1,1678118400
88d75d9bad4e47a88cf5bf97e0896d,64533959323eb3272d75ac34202517ce,Kes,0.5,1678118400
8bd46f96314b08b9891b94e8332a24,1852dc5d24187cd54667799fd1f76ae3,Tmin,71.4,1678118400
54d3a0fd8140ccac3cd6ac474f083a,1852dc5d24187cd54667799fd1f76ae3,Tmax,77.9,1678118400
2360a516c44f68a7f36810115bafc7,1852dc5d24187cd54667799fd1f76ae3,Tdesired,76.5,1678118400
4b9b6333ef40efa9e545fd0635641f,1852dc5d24187cd54667799fd1f76ae3,Khvac,0.5,1678118400
4e6614026f494a9e64c95b65d0603d,79bac0165f27e0263f3b66a713e41233,Khw,0.7,1678118400
3a6e317f8a4ea4af50c23834d1863c,42671dd132fa529d6056f52d44d3751d,Qdesired,23.7,1678118400
f07028cf6a41f99656d169b0df783d,42671dd132fa529d6056f52d44d3751d,tdone,1678137558.7,1678118400
49a937d01e4973af42cb2ae2d32098,42671dd132fa529d6056f52d44d3751d,Kev,0.3,1678118400
8e97e7a93b45e2aba49d2a833cfd03,2138d60e8f2bc5f143b0804d4acb3248,Qdesired,15.2,1678118400
1dad9e8f7f46c7aa8f8bef7b6163d4,2138d60e8f2bc5f143b0804d4acb3248,Kes,0.8,1678118400
347133bde64fc781eed4fb35492f15,6fad1b151efe0957624021209bb8000,Tmin,69.8,1678118400
ea4d7e8ba448628ccc465fec6b92a5,6fad1b151efe0957624021209bb8000,Tmax,76.3,1678118400
accee564cd49eb9e5b0d3be457696b,6fad1b151efe0957624021209bb8000,Tdesired,71.7,1678118400
e474fab278405187c2685176a1c1d9,6fad1b151efe0957624021209bb8000,Khvac,0.4,1678118400
394ff8b7ed4e1e8e4b992da81ed42f,5af97356eb3af945a106e064a0584fe,Khw,1.0,1678118400
4c1918ab704fa2b13115d0a9a62063,511c2f72a520e0577d8e6ef7b039c18,Qdesired,29.7,1678118400
8cb229d4ff4fbf993dc4b22868b9be,511c2f72a520e0577d8e6ef7b039c18,tdone,1678127796.4,1678118400
bdede0997b463db70ec13f9d82fc2e,511c2f72a520e0577d8e6ef7b039c18,Kev,0.2,1678118400
352744c8bf4b56a1ba765c65506a43,c0e6988091a7d822898f6bb144664f1,Qdesired,39.1,1678118400
a5f97cd4e948e296fcb5f671e0e07d,c0e6988091a7d822898f6bb144664f1,Kes,0.6,1678118400
ab92f4a61b49c48f0f2f6bd03e0142,4220e268359bd05623e33a2f4ac06660,Tmin,69.3,1678118400
35bedefd8742c1a8898c5e2c2501c6,4220e268359bd05623e33a2f4ac06660,Tmax,75.4,1678118400
1941eac30c47afa098f71952398fc4,4220e268359bd05623e33a2f4ac06660,Tdesired,72.5,1678118400
6c7059fe2e451ea38b783c5999308a,4220e268359bd05623e33a2f4ac06660,Khvac,1.0,1678118400
4cdfdc922d435abee00d1511d8f401,4e9c3564cd7b7ad3b0f8e8b75160033,Khw,0.2,1678118400
38f82dc4eb40f59721f7829fc627b7,2cfea4852fb7eb443fc5e73c0398f326,Qdesired,19.4,1678118400
0d5a27be5242f795cb3fdeacfef635,2cfea4852fb7eb443fc5e73c0398f326,tdone,1678131689.1,1678118400
ccd063d37b4d9eb9327fce88f1640f,2cfea4852fb7eb443fc5e73c0398f326,Kev,0.9,1678118400
dd8d0eee8c4fd8b4141fecd4fac0ab,3c895536dfb0eb7f7f7098615a17da9d,Qdesired,20.7,1678118400
552a4531b44674b446f4ff113ce5a9,3c895536dfb0eb7f7f7098615a17da9d,Kes,0.4,1678118400
16a89750944474a4f9da3633c241fc,397b7675769ce869158d257d1a47a630,Tmin,70.1,1678118400
bdf155c372420da1bdd7a3af975f99,397b7675769ce869158d257d1a47a630,Tmax,74.3,1678118400
ed8815996944229ce6f51780849c6d,397b7675769ce869158d257d1a47a630,Tdesired,74.3,1678118400
8b7087f9564252930b94aa8ce7620b,397b7675769ce869158d257d1a47a630,Khvac,0.4,1678118400
a1548c370b4697b7498ffdd0f8e254,19d0d3015f8e0001663b3206dc8403d8,Khw,1.0,1678118400
e2330a25784506bcb646436765e42a,18ebb56506d0c00161c041460a9a49de,Qdesired,20.9,1678118400
85a39b13714e92ba607c62e7227857,18ebb56506d0c00161c041460a9a49de,tdone,1678145477.1,1678118400
788e773fe247e0a621b6338b77bdc4,18ebb56506d0c00161c041460a9a49de,Kev,0.1,1678118400
3ce5caff9b436ebc91a630120a3174,349dfbf231872334412260f551a7d0f1,Qdesired,39.5,1678118400
1612c5bef94773bd12117c89f1e7e4,349dfbf231872334412260f551a7d0f1,Kes,0.1,1678118400
660d959a8c4bcd8c49499315dfe40f,23bef22199696857626229366e2c4653,Tmin,70.0,1678118400
00fff7c2c44f728cdf89f3623901b1,23bef22199696857626229366e2c4653,Tmax,77.9,1678118400
990eb7018242cf8fe5c43459da270c,23bef22199696857626229366e2c4653,Tdesired,72.6,1678118400
ed8bcd78c94315b369f764656790da,23bef22199696857626229366e2c4653,Khvac,0.1,1678118400
ff1aaf95b3439093692009b8536d5b,a485829fa3266ba57a5b8360c58cfb1,Khw,0.7,1678118400
25bdbfd6bb412781543f3cf070b9e9,25ba320de55212cd24a9d3fa0f644003,Qdesired,31.5,1678118400
0251c4bfb049a2943988462eaa65c9,25ba320de55212cd24a9d3fa0f644003,tdone,1678136262.0,1678118400
d0c8876aa941b99e3a48c3b9f4512b,25ba320de55212cd24a9d3fa0f644003,Kev,0.2,1678118400
9f5ae895a341f9ac65743fb8912f5d,1526025c53d0b1d4e4a61996ea03c96,Qdesired,38.1,1678118400
caf6efb3c548a2951899def74f6243,1526025c53d0b1d4e4a61996ea03c96,Kes,0.5,1678118400
f26d0ad6324b15bc2e351b93c59ef9,66ecc344b32e2da9740844e8af5b9800,Tmin,69.9,1678118400
dd5dc42ccc47988158e1833042ef76,66ecc344b32e2da9740844e8af5b9800,Tmax,76.4,1678118400
950232ba374ac5a3c39d47a1bcc2ce,66ecc344b32e2da9740844e8af5b9800,Tdesired,72.4,1678118400
90ecc5515d49eb8b612b7aa0793040,66ecc344b32e2da9740844e8af5b9800,Khvac,0.2,1678118400
04e4938acd4a908c8cd46ee7e35225,1190a730585f4e2a19fc56537d65cf37,Khw,0.2,1678118400
fac308cdc84b57827af12bec323e0d,788b6730bc22002d7a2db7a688f1e2a5,Qdesired,29.7,1678118400
8db2f182d644918261510a062d2e93,788b6730bc22002d7a2db7a688f1e2a5,tdone,1678127994.5,1678118400
baa7aa7fea4033a6eef1de18dce278,788b6730bc22002d7a2db7a688f1e2a5,Kev,0.2,1678118400
a367c3e77a43919d08c2c3119fea3d,448fbbdb56ec9c226e4c05855d190468,Qdesired,37.7,1678118400
2d38281adc40e59fb2bef474669428,448fbbdb56ec9c226e4c05855d190468,Kes,0.2,1678118400
bf130c81ab4b10ba47689e82579b11,4dd580b83051e5c7497cd0f8fe7e88c,Tmin,71.4,1678118400
9d490484d340eab69c10ef142e804c,4dd580b83051e5c7497cd0f8fe7e88c,Tmax,77.5,1678118400
49f49ab9b449ad9c174295baccece1,4dd580b83051e5c7497cd0f8fe7e88c,Tdesired,71.5,1678118400
c218145a8c4eda8f196375aac80390,4dd580b83051e5c7497cd0f8fe7e88c,Khvac,0.1,1678118400
f01d81c71748b38a75ae3085db0bc9,515f59ea9e8c8dd6621b28b7f195d839,Khw,0.1,1678118400
d514095a0c435c83e94130fe407f02,7216ad5ec566dfa23156f5a0fe01a5f9,Qdesired,33.2,1678118400
c3458b295945299866ee48845e323a,7216ad5ec566dfa23156f5a0fe01a5f9,tdone,1678144096.5,1678118400
805fb92171442aac9515a1be541dce,7216ad5ec566dfa23156f5a0fe01a5f9,Kev,0.8,1678118400
35dc1664284709a6bc36667614cfa1,77eb32efa952f15a4b5e98a44fe1b88a,Qdesired,20.1,1678118400
402ad9fe8c4ef28a08a783ce182617,77eb32efa952f15a4b5e98a44fe1b88a,Kes,0.2,1678118400
b3683d67b2424fbcd79108295cfadb,1469fa92a4d6988b7c6a2e66a2aac57c,Tmin,68.7,1678118400
1a17b879be40c6a24b973cd7ea7580,1469fa92a4d6988b7c6a2e66a2aac57c,Tmax,77.6,1678118400
2fe0b50bcb413baff420b0f83a2254,1469fa92a4d6988b7c6a2e66a2aac57c,Tdesired,72.4,1678118400
ae1cc3d4184894a7502b86bc0e0eea,1469fa92a4d6988b7c6a2e66a2aac57c,Khvac,0.9,1678118400
45eb5acf5a4a1084291a3c38732dc5,661a64006d6212dc7c810b2a36db686c,Khw,0.7,1678118400
3bd73c661a49d8a86567b5e7bcccfc,68abcb4d69d4e5bf11ccf4b0f04cf5d5,Qdesired,22.0,1678118400
612675a19447cb9b307a9da5951bdf,68abcb4d69d4e5bf11ccf4b0f04cf5d5,tdone,1678144106.7,1678118400
3ff3aafa3a470d804ab7694988baf4,68abcb4d69d4e5bf11ccf4b0f04cf5d5,Kev,0.6,1678118400
5b555d9331443cb28fb0f72506f3e8,191d0b16f5cd1a875f2268d02690216,Qdesired,23.1,1678118400
71743cefce40289d43f2cf8b6a9b9b,191d0b16f5cd1a875f2268d02690216,Kes,0.1,1678118400
bd3700526341d886f78c84ece7428e,1c2e116e7feabbc27e90ef918f184adc,Tmin,68.6,1678118400
7252cb884f43968071b6f896adf260,1c2e116e7feabbc27e90ef918f184adc,Tmax,75.4,1678118400
3ced02bd904fc9b54d488a748d5737,1c2e116e7feabbc27e90ef918f184adc,Tdesired,74.6,1678118400
610b0b61cf495895206b4883b77d8c,1c2e116e7feabbc27e90ef918f184adc,Khvac,0.3,1678118400
bb4bf316cd4826a24d071fc49fadcd,767f77df350241821ee83e77efb74643,Khw,0.3,1678118400
2b06fb82054f4498d4c983b2bb6efe,2ed4844e7423a9a41b203adc69818b0b,Qdesired,30.4,1678118400
2a6859c4254e2dbaa59b62ee20918f,2ed4844e7423a9a41b203adc69818b0b,tdone,1678144467.5,1678118400
d793a8acaf4fbeac6b72f84cbd04eb,2ed4844e7423a9a41b203adc69818b0b,Kev,0.6,1678118400
24265ed5224d53b2cc026b468c55d5,21d7e31f24d64edc5159d1ce20b54409,Qdesired,18.8,1678118400
113c25bca9419fbe243ac174b95b8d,21d7e31f24d64edc5159d1ce20b54409,Kes,0.6,1678118400
6bccb1236945808806b93cc171c581,72bdf7388f21b43d63c7c360f7821614,Tmin,71.8,1678118400
cbeec93d3945dbbc52fd55e28b64cd,72bdf7388f21b43d63c7c360f7821614,Tmax,75.3,1678118400
d6719640a341bda103eb1b0c2c2f0a,72bdf7388f21b43d63c7c360f7821614,Tdesired,74.1,1678118400
0a7a90c6344c2c98abe7e9228fbd96,72bdf7388f21b43d63c7c360f7821614,Khvac,0.8,1678118400
9bba90db23469f909b340ccfc21897,715476663de2376c5d71dc21a541fe65,Khw,0.8,1678118400
c32afe33da4433b5b09e2c6188e0c1,8c6c09847060eb3793f4a6f1a84d6c7,Qdesired,14.5,1678118400
24df8e19fe47f0be7a7412eb69a2b2,8c6c09847060eb3793f4a6f1a84d6c7,tdone,1678132179.8,1678118400
04ad3afda5419e89ef350ab9473be1,8c6c09847060eb3793f4a6f1a84d6c7,Kev,0.4,1678118400
1716f57b9645cdbdb4d4f130c44954,7d68116c789ffebe270353db4e3759c,Qdesired,35.3,1678118400
97e61e09054148a1ba569dccab5a80,7d68116c789ffebe270353db4e3759c,Kes,0.9,1678118400
b7a58e436840f89dfb78040071d72c,1ce4cf85ec252c6d3e2c4888e690fab4,Tmin,68.7,1678118400
9d7c335d8e4525a727124f41593f44,1ce4cf85ec252c6d3e2c4888e690fab4,Tmax,76.0,1678118400
edcb4ee5604a46b01a75524472f3f7,1ce4cf85ec252c6d3e2c4888e690fab4,Tdesired,74.8,1678118400
6315bd722d4b9fb4f8dd5c530ec5b1,1ce4cf85ec252c6d3e2c4888e690fab4,Khvac,0.8,1678118400
297dd292b54a42a0bb641cf2108309,24af5d8a0edb4f314e6e56c0815fdcbf,Khw,0.5,1678118400
7db913620d43358a67b9788d195bba,4a83dceceda1348e66324944d733eb9c,Qdesired,30.4,1678118400
872e81b3e44d90aa475020b1e5c0fd,4a83dceceda1348e66324944d733eb9c,tdone,1678136931.2,1678118400
a5aa71158b4923b863f1b69147772b,4a83dceceda1348e66324944d733eb9c,Kev,1.0,1678118400
2e0f55ea5741d8a1e07ccac095d8a6,27388ab3e66a0033108107925ca1268e,Qdesired,16.3,1678118400
84a1662e06456ea3d459f93934e99c,27388ab3e66a0033108107925ca1268e,Kes,0.3,1678118400
5df55ce960423cba3c1c208a5c75e7,5a0cdfc015db7b39183abcbd82d39b22,Tmin,71.2,1678118400
ccdc895cfe4b968761e37ffb385a9e,5a0cdfc015db7b39183abcbd82d39b22,Tmax,76.5,1678118400
4b9b4f7a0742628a198305ac13e3d2,5a0cdfc015db7b39183abcbd82d39b22,Tdesired,72.4,1678118400
55936379c24be882f35b5aee084845,5a0cdfc015db7b39183abcbd82d39b22,Khvac,0.5,1678118400
1f0104c07c46809e87fe3631038bb2,5d59bb01f15a9c474e077fa2608d86cd,Khw,1.0,1678118400
dbc5e0eb5f4332a47c5731a0056750,59aef531437a411f3a892ccb12cff16d,Qdesired,15.9,1678118400
340f8a2a3e4ced9cc5b6e0ac4c6ce4,59aef531437a411f3a892ccb12cff16d,tdone,1678131794.2,1678118400
bf42df355244309b4d109500acb232,59aef531437a411f3a892ccb12cff16d,Kev,1.0,1678118400
b9c3ec00a1429eb5001cacd16a3e54,37249c3854369bb14895b84ddaee5a3a,Qdesired,21.2,1678118400
719b7230c84e3f88b99764dc38877a,37249c3854369bb14895b84ddaee5a3a,Kes,0.3,1678118400
2a340745244ce281239b3fb0eb6a1c,2c88c85767ad59e15c56c64c9adffb26,Tmin,70.8,1678118400
ae4217eb6f4dfba7d8ee0e642ba1dd,2c88c85767ad59e15c56c64c9adffb26,Tmax,74.4,1678118400
cd183661ed40bbad7eae7797fbe5db,2c88c85767ad59e15c56c64c9adffb26,Tdesired,72.0,1678118400
c95b18cf3243909039c1df316303ab,2c88c85767ad59e15c56c64c9adffb26,Khvac,0.4,1678118400
2bb076b5ef42ca98249667f96bf7b3,629b786cc6c4866777494f607455eee6,Khw,0.0,1678118400
f90649b17b42b493ae96958a654d65,4c5cae95f5b587093566b8a6de567109,Qdesired,28.9,1678118400
3de0b86b1043708267366f7fb72562,4c5cae95f5b587093566b8a6de567109,tdone,1678129259.5,1678118400
0466e8228f4b0482d89a79046bb8ee,4c5cae95f5b587093566b8a6de567109,Kev,0.6,1678118400
3f0158cf7a47e3b60dc9fd315848f2,6fd4a1046809b3ee1301254e5c580237,Qdesired,15.2,1678118400
fac08e66884efc98885801fee07d22,6fd4a1046809b3ee1301254e5c580237,Kes,0.3,1678118400
edd232ef7a43e5aebd8772b9cae923,62e2a7c774d0361f21668fd425a01fb1,Tmin,68.3,1678118400
ee87bcc0024186ae678278a0078b34,62e2a7c774d0361f21668fd425a01fb1,Tmax,77.9,1678118400
959877683a4cdf90243dbe954b260a,62e2a7c774d0361f21668fd425a01fb1,Tdesired,74.3,1678118400
7ba7432ef64d7289e9d0d99021dd6e,62e2a7c774d0361f21668fd425a01fb1,Khvac,0.3,1678118400
05bcfd74b14895b0bd2b4029094fa0,4b10017a2195c67a3a343088b96e7f8e,Khw,0.0,1678118400
4c1667a0114c55bf9caad86cc5894e,50e2bbb2886345611193df4a7ab6df3a,Qdesired,11.1,1678118400
d5f2e9dc3c4481b5d443bac5609bcf,50e2bbb2886345611193df4a7ab6df3a,tdone,1678122702.2,1678118400
aa9853fd054f94bf2f84c1bf2b16c2,50e2bbb2886345611193df4a7ab6df3a,Kev,0.5,1678118400
d2f97b2461466da922842a00ac4730,2e0960f5bb2a901b7df6627a2f48332b,Qdesired,15.1,1678118400
751208730b49b5b4a5505cd6e92675,2e0960f5bb2a901b7df6627a2f48332b,Kes,0.3,1678118400
a28f91ab7940d0a87640c4ddd2587c,722e47ce877b7a1e6c5ad5cbf6a3335e,Tmin,70.5,1678118400
27815af1dc455b87cb62828127fc6d,722e47ce877b7a1e6c5ad5cbf6a3335e,Tmax,74.7,1678118400
9c10ece1d8420cac1812665bc01e49,722e47ce877b7a1e6c5ad5cbf6a3335e,Tdesired,71.2,1678118400
4eef2fdd4c463db35867cd214d3a0c,722e47ce877b7a1e6c5ad5cbf6a3335e,Khvac,0.0,1678118400
1d29b7fd1d426283c9f96ea567906f,7a73e404e2b06f331ed16c3a81fa9720,Khw,1.0,1678118400
baf18884034d8c919d73b55053b3f2,2ea63ab39fafc19c778c249abf191871,Qdesired,14.9,1678118400
4d878b78af4813b7d2fd91192a33b7,2ea63ab39fafc19c778c249abf191871,tdone,1678135491.4,1678118400
18866b5c5e4af5b5e10dd1a793e671,2ea63ab39fafc19c778c249abf191871,Kev,0.4,1678118400
e39ce51b754eb9a47ea4ea043763eb,8ed39e0b16bc3d01d143352303c5417,Qdesired,26.1,1678118400
aade570fb84880a90fbd38f122e4cb,8ed39e0b16bc3d01d143352303c5417,Kes,0.7,1678118400
d355aafc374f5fab845d472bf37a94,7159748384237ebb76c18628e630d946,Tmin,70.3,1678118400
fe228315d84cca964937c6af8da797,7159748384237ebb76c18628e630d946,Tmax,76.6,1678118400
5e5bce04e44e25bc9229522c3eaa0c,7159748384237ebb76c18628e630d946,Tdesired,72.4,1678118400
66b181e1a4437381680233a765088b,7159748384237ebb76c18628e630d946,Khvac,0.6,1678118400
2329624b3a40138f36c41cb7e7c50c,18700a2a9a9e69dc453958c653d40381,Khw,0.6,1678118400
791c5f39654167b26a5b330eb0e823,2ff00d63cd27eb685c95a29093117904,Qdesired,13.1,1678118400
323baacacf4a6c8c32831e4d350094,2ff00d63cd27eb685c95a29093117904,tdone,1678146903.1,1678118400
7ddcdcd27f464d85f0ee2a993cc1ae,2ff00d63cd27eb685c95a29093117904,Kev,0.2,1678118400
9e3895b3fd485b857012c17fad512f,736332b8345b05264df7d6a329fee5db,Qdesired,10.5,1678118400
1af84fe8d640ccb360a5526b2a89c8,736332b8345b05264df7d6a329fee5db,Kes,0.2,1678118400
c17bba6619412b804ed6a3c08ce52b,5799d7370caaaa1a55920fadbef248,Tmin,69.5,1678118400
c8124fd16a45cf960e18f1848e1f3c,5799d7370caaaa1a55920fadbef248,Tmax,77.6,1678118400
a2a9004db44b058a795ae1d64df1de,5799d7370caaaa1a55920fadbef248,Tdesired,69.6,1678118400
f2f333c7df41efb1610438f83d0230,5799d7370caaaa1a55920fadbef248,Khvac,0.4,1678118400
9ae6b6cdc04dfe8ead0296a8889de8,5074ae76eec8d2eb32aeea535ad1aaf5,Khw,0.9,1678118400
0154d8c7154784879915e297277fc7,44b84b5c210977855ec44fd4bcedea85,Qdesired,29.7,1678118400
68ae2b5ecf40d59a3022e1a8ef6f67,44b84b5c210977855ec44fd4bcedea85,tdone,1678129099.9,1678118400
e16b639b5d42f5a16d7c9d235b11a5,44b84b5c210977855ec44fd4bcedea85,Kev,0.5,1678118400
197baec245485f9500ae7abcf3605a,2e5618ac928c051171c8c40c69f0ad43,Qdesired,23.8,1678118400
b03d49c9564bf08bcc59e00c22c401,2e5618ac928c051171c8c40c69f0ad43,Kes,0.4,1678118400
e0c477628e48e2bfacd9154e76b7f0,f1ce0cde0298ff718f9157b807770f,Tmin,70.7,1678118400
5666015e1d4af3a1299d57a4efb1fc,f1ce0cde0298ff718f9157b807770f,Tmax,77.2,1678118400
ef6247f3074ce3a749b05ee635ad6b,f1ce0cde0298ff718f9157b807770f,Tdesired,73.8,1678118400
59bb6c569c4e0da466a0d22278e7f7,f1ce0cde0298ff718f9157b807770f,Khvac,0.3,1678118400
1470dc6b2f45b485c58b0ab08d8926,2a7e29fc42bc31dc7ba64572aef4edf5,Khw,0.1,1678118400
e6e771c83243fcaacd7f2b129a08fb,2e77ee21bf7293332e17286243f0d22c,Qdesired,29.9,1678118400
c35cb34fbe4fffb107b24a43e12e97,2e77ee21bf7293332e17286243f0d22c,tdone,1678129058.2,1678118400
c6df0947074b43bfb508c76f49c06f,2e77ee21bf7293332e17286243f0d22c,Kev,0.5,1678118400
6a95450eaf409bb3e80533f0b12458,5c0bc63ec2de618d2bccfbc1c849a180,Qdesired,30.9,1678118400
36a13e3f2645239e708bb4cad02b18,5c0bc63ec2de618d2bccfbc1c849a180,Kes,0.1,1678118400
fe870ec6704472abed66d97c3008e9,689aa07181123f247d34d84425576252,Tmin,70.8,1678118400
5d0175831145dfb67ba2236fd1ccd3,689aa07181123f247d34d84425576252,Tmax,76.9,1678118400
a2c68075c44dea8f6f3664062d405f,689aa07181123f247d34d84425576252,Tdesired,72.0,1678118400
b65d5350f14dbbbec90acad3a5f62d,689aa07181123f247d34d84425576252,Khvac,0.1,1678118400
85b5777e334b3eba98fe9e2118d0e7,4cedbc7ee57286865adaf3ceaeb9b8be,Khw,0.4,1678118400
14a7c8e9284a15ab5f1b3978bc7265,4f7d73fb9988b7b1280d829a68acb56,Qdesired,38.4,1678118400
9ec535583a4a7a977325f8297cf0b2,4f7d73fb9988b7b1280d829a68acb56,tdone,1678136593.2,1678118400
83abc45562421d886b82b2759aaf86,4f7d73fb9988b7b1280d829a68acb56,Kev,1.0,1678118400
b510c8bcb542b5b6aec4eaa8ad3847,471b4734bab02be34f8880964550600,Qdesired,28.1,1678118400
a0ef33aee64e89aca819ad22472257,471b4734bab02be34f8880964550600,Kes,0.3,1678118400
cd36ae1ee44883aed67f8bd2f78c72,565c11e1182dc6f5ee59f1943da32fe,Tmin,70.2,1678118400
6c2e49dba2490c9f3a304b54fc254e,565c11e1182dc6f5ee59f1943da32fe,Tmax,74.4,1678118400
7cc855e8f64d24b9814387557038d0,565c11e1182dc6f5ee59f1943da32fe,Tdesired,72.8,1678118400
851d3fdcbe472b813e96090cdd2388,565c11e1182dc6f5ee59f1943da32fe,Khvac,0.1,1678118400
9011c0f0e14eb6ab7b47c00ea67ee9,77526e84027f65b1455b5abead4102c3,Khw,0.2,1678118400
0ebf0a99aa43abab1bc6a470887a6d,6425506c6b28d3ff1ef387a724a4e454,Qdesired,10.6,1678118400
6002d6eafb495e83ea35145186043f,6425506c6b28d3ff1ef387a724a4e454,tdone,1678129355.3,1678118400
d1c5dff32243de9dea6710f0aadc41,6425506c6b28d3ff1ef387a724a4e454,Kev,0.1,1678118400
be1537f76146d590c297203559ee73,5a6ef5e00e0f9992547bd0f554b33d4e,Qdesired,20.2,1678118400
f9f5c9775542f3a66f8f08bf9a9df0,5a6ef5e00e0f9992547bd0f554b33d4e,Kes,0.1,1678118400
c6d316ed6240c18798b80d1acca68f,4255b38cf60d221818b2dbb8bbc8c897,Tmin,70.0,1678118400
841c9b281348e096c4a47540ddfbff,4255b38cf60d221818b2dbb8bbc8c897,Tmax,76.2,1678118400
799f76095c4f8fb4d4426009351bd6,4255b38cf60d221818b2dbb8bbc8c897,Tdesired,72.5,1678118400
b2c8bb69634f0b8ef39530b0f7edbb,4255b38cf60d221818b2dbb8bbc8c897,Khvac,0.4,1678118400
b181a8f47c4baeb7fe81c3dc741f3c,63d2d83975d40ebb9d13f334b9043c,Khw,0.4,1678118400
9a7a93de4e459799dae84557ff9aef,12db25ad9b689c93217e6a8e5ddfd5d4,Qdesired,17.8,1678118400
1d4d036c064a27a662f106d071a2d4,12db25ad9b689c93217e6a8e5ddfd5d4,tdone,1678133946.6,1678118400
f1bc300fac4c85a4eee5a6a4604c11,12db25ad9b689c93217e6a8e5ddfd5d4,Kev,0.8,1678118400
02407e2b944c0790403431cd5ecb57,1231bbda3534ab58d5261f38b8fb9e2,Qdesired,21.4,1678118400
f7dd0434314e40ab8f62b1b017c1b0,1231bbda3534ab58d5261f38b8fb9e2,Kes,0.2,1678118400
7cd386068e46efb048da6e690f1adc,36fe6791b5017ef361a66d4cafb58662,Tmin,71.0,1678118400
fc9429a9e64538b3247bc45e35704a,36fe6791b5017ef361a66d4cafb58662,Tmax,76.1,1678118400
a91f5cf0fe4b6ba913219b21b0d12d,36fe6791b5017ef361a66d4cafb58662,Tdesired,72.5,1678118400
42460ea7344017a40235646b8a7b30,36fe6791b5017ef361a66d4cafb58662,Khvac,0.0,1678118400
557eae99af464295918c3b4dfcffa0,501241f4acab96271789c8051c6ca28c,Khw,0.4,1678118400
e9be5c3aaa45fe842d3ef1bdb352ae,72b8796aa27ca9446051b06183c2863b,Qdesired,13.8,1678118400
8583903fc443219bc942b6ffa8f5f4,72b8796aa27ca9446051b06183c2863b,tdone,1678142006.1,1678118400
8fe645055f4302b9830b7b0042b45a,72b8796aa27ca9446051b06183c2863b,Kev,0.3,1678118400
5ebfb7b2144467a10617fbd274464e,188485958986229810d7c1782ef1ebd1,Qdesired,17.4,1678118400
705ab886f54510b9f1568863e43a2f,188485958986229810d7c1782ef1ebd1,Kes,0.5,1678118400
31e861b57344e6b3b49e8a3383cf0d,57fb493395bab4815f5c39dc10bef85c,Tmin,69.5,1678118400
a81064941b491698523e820573f159,57fb493395bab4815f5c39dc10bef85c,Tmax,75.0,1678118400
1a34962e9342f88423c08a25a058ae,57fb493395bab4815f5c39dc10bef85c,Tdesired,73.6,1678118400
5a44bbd0cc464c9053c7024c563178,57fb493395bab4815f5c39dc10bef85c,Khvac,0.6,1678118400
3e4bf5190d48ea86448f232551567e,2ad23f81136c76b8578f2b25b32afc96,Khw,0.2,1678118400
75f52f64174ac1a7317fd671350ffe,8ea7299d2bee62e33d1771860185a50,Qdesired,34.6,1678118400
61da04769a49f8b625718f52b2059e,8ea7299d2bee62e33d1771860185a50,tdone,1678126436.7,1678118400
346662d8b8436f9f44e127dba1b842,8ea7299d2bee62e33d1771860185a50,Kev,0.4,1678118400
284bb7380846b6a52a79af89f61fff,7b18193067f328aa651fa98a4f836e5,Qdesired,21.3,1678118400
cce0443e89471abeeed5bb1cc94f5d,7b18193067f328aa651fa98a4f836e5,Kes,0.5,1678118400
dfa46c6ef0497cbd0e6f3205c81336,3a4267dda3ca4f275489ddf066d85f76,Tmin,69.7,1678118400
86da3de04e4af5ae530065a0cc1ae7,3a4267dda3ca4f275489ddf066d85f76,Tmax,75.7,1678118400
463c167b43472f9a61eb517cb9514b,3a4267dda3ca4f275489ddf066d85f76,Tdesired,75.3,1678118400
0c4ef95f934a92835e1703fb01f0be,3a4267dda3ca4f275489ddf066d85f76,Khvac,0.3,1678118400
1f186ab48047d28e2d49db33384a56,6af48f1be649e8b766b1bbb43d665488,Khw,0.7,1678118400
4dcc4ffe514989accb2df9b83b69a4,7000e4d665d50fb8da95fb96f1bdfca,Qdesired,24.2,1678118400
cd12b273e94ce1a35d7aca44e86035,7000e4d665d50fb8da95fb96f1bdfca,tdone,1678142254.6,1678118400
daeaf7566a408d82bcd78fb16f4891,7000e4d665d50fb8da95fb96f1bdfca,Kev,0.5,1678118400
e762037bdb42b483080a97ce2d02d7,51d966f59d207cf9378578ab94136306,Qdesired,24.4,1678118400
9c9fab65df4749b09208c56161db61,51d966f59d207cf9378578ab94136306,Kes,0.7,1678118400
d30cfbe0754bd9a7246c459df4f7f9,4770e76a564fb9d9648f8e394d11eefd,Tmin,70.9,1678118400
934b8fcdf941d0a6c0605b0cb406f2,4770e76a564fb9d9648f8e394d11eefd,Tmax,74.9,1678118400
24ee4219b34f9b930973cdd24062bd,4770e76a564fb9d9648f8e394d11eefd,Tdesired,73.8,1678118400
665cbc15fd4bdeaeb554f681d35034,4770e76a564fb9d9648f8e394d11eefd,Khvac,0.2,1678118400
496544a3f142ab8704700aee395891,2b2bb31c0ed20a73198e2e90794dd96,Khw,0.6,1678118400
102405ca24488caf5b89ebdbdcbf79,2ba12902e241e687cd864fd4db2d7a3,Qdesired,25.2,1678118400
d59e76be6046558d2c3d7fd05c2b62,2ba12902e241e687cd864fd4db2d7a3,tdone,1678136527.8,1678118400
a2bdb5130246779adafc3e21a63689,2ba12902e241e687cd864fd4db2d7a3,Kev,0.3,1678118400
035e9369e84ed6999963b88d3f3f29,7939765d64d32c873243d4e8173a746f,Qdesired,10.8,1678118400
c66b74a70b42e7aafd958280b70b64,7939765d64d32c873243d4e8173a746f,Kes,0.9,1678118400
cb17962268499dbadb053c4973773c,331cdb5a1b2b3fd67c10cb21e1c6a5b6,Tmin,68.7,1678118400
3e0496baab4325a403fc0ea9d8ac18,331cdb5a1b2b3fd67c10cb21e1c6a5b6,Tmax,74.4,1678118400
27bebf70674e2e86f48020ac54db5e,331cdb5a1b2b3fd67c10cb21e1c6a5b6,Tdesired,69.0,1678118400
b676c2a2604c1a9c6b2a6d7f72e6f4,331cdb5a1b2b3fd67c10cb21e1c6a5b6,Khvac,0.9,1678118400
ce1207c92147f9bed9eea633ffa707,2d3f65680ea9f5bf58a217644c613108,Khw,0.6,1678118400
cae8f70573411a868c71f03e42be2d,fdaa9164bdefe813ec393eebbc03df2,Qdesired,30.7,1678118400
d2adc326e7491e8f15133bd29f55f5,fdaa9164bdefe813ec393eebbc03df2,tdone,1678124302.4,1678118400
0f63d509544df1b99c5dbe6701a7ce,fdaa9164bdefe813ec393eebbc03df2,Kev,0.3,1678118400
b451e7d2a0400daaa682d64f49ccf7,6d877d3cccf649806efa3608664dffd1,Qdesired,31.4,1678118400
422501950d4e3ea8b137ad7af21d8b,6d877d3cccf649806efa3608664dffd1,Kes,0.9,1678118400
34a02444ee42e5bf782d9ce650bb3d,125abde0645f4fb6e78867a6aeb6718,Tmin,69.1,1678118400
4e338085a04240bdac09ded5b851fa,125abde0645f4fb6e78867a6aeb6718,Tmax,74.8,1678118400
a0a0424f08460c89e6fe5bce47aa47,125abde0645f4fb6e78867a6aeb6718,Tdesired,73.4,1678118400
fc19ce1f0142d89958a08ef8781733,125abde0645f4fb6e78867a6aeb6718,Khvac,0.5,1678118400
3b2e919e1d45b29331433ed16c37ce,23d6af924cec4bca4ef2a1e32eda6994,Khw,0.0,1678118400
15926d011a43699528027118ca2e5b,66f216c62664cf5a6d44468f725437ab,Qdesired,38.1,1678118400
cc3dabd7e8405aabf20c41266c3901,66f216c62664cf5a6d44468f725437ab,tdone,1678131383.3,1678118400
5e49ee9bf1469fa9e9b9b0f0f7e44b,66f216c62664cf5a6d44468f725437ab,Kev,0.7,1678118400
247f5402b440929f2a3d993451b8fa,173640e4bd126fd1c44e1ec32357a13,Qdesired,21.8,1678118400
7aac1652e14269801165396184ce8c,173640e4bd126fd1c44e1ec32357a13,Kes,0.1,1678118400
8e5a306a454ea68a56effd980b28de,6d052505e4c4814958915b1a6e3fa980,Tmin,68.2,1678118400
9a63f445734d079b3b4f266e626625,6d052505e4c4814958915b1a6e3fa980,Tmax,76.6,1678118400
54d413a5c945f4bf2e48c07a50d502,6d052505e4c4814958915b1a6e3fa980,Tdesired,75.8,1678118400
6dcfda3c68450cafac11c9515d87ed,6d052505e4c4814958915b1a6e3fa980,Khvac,0.9,1678118400
878afb5fb34350b4be5f664d160664,35491cf12754b5cd367ea3cd08cefd84,Khw,1.0,1678118400
0e3fcb020e41e8bb32fe4f7ab57ca2,e365b29e97f67e659b9806a0e02be6a,Qdesired,13.1,1678118400
172e7679f64196a82da94833d45664,e365b29e97f67e659b9806a0e02be6a,tdone,1678133108.8,1678118400
4f4ec2aaa64f99a9763951bbc5b01d,e365b29e97f67e659b9806a0e02be6a,Kev,0.9,1678118400
9afccbf6bc4d20a328052afcfd736e,5838e141e163de4f2f7aa12ef533cfbf,Qdesired,38.8,1678118400
a5c776400341a8b462855e42b7b2a9,5838e141e163de4f2f7aa12ef533cfbf,Kes,0.3,1678118400
d2458e19714aa38027c7211e71b9fc,21e4fd4f45996c0581276717da62ba9,Tmin,70.4,1678118400
2d30711e4b40b5a787931761fa2338,21e4fd4f45996c0581276717da62ba9,Tmax,75.1,1678118400
0779874de34fa7a9d050df12b14cb6,21e4fd4f45996c0581276717da62ba9,Tdesired,72.6,1678118400
e06aff8a2e4f9b9cb80f0a7f69c96e,21e4fd4f45996c0581276717da62ba9,Khvac,0.9,1678118400
9ebfc1900b4fdba47b70f1e90e7e21,77126c80777cd861924ffdd4cff8a70,Khw,0.6,1678118400
4db3b91a4d417d9894bc3d9551cbf3,7149710dc68a113025150d454cff788b,Qdesired,12.1,1678118400
9ec06ee04048ac9639d28481e84d3a,7149710dc68a113025150d454cff788b,tdone,1678133196.5,1678118400
acd18acdc142e6be9229b966a95953,7149710dc68a113025150d454cff788b,Kev,0.4,1678118400
2da2a9868746218e8fc40d32c43f9f,2a432df4ba2dd9a21a4094d2770e6246,Qdesired,37.2,1678118400
022a1eca5749669c0dfcfe5a3f11bb,2a432df4ba2dd9a21a4094d2770e6246,Kes,0.1,1678118400
9a64db14d84ecfbfb991dbaa33d23f,350935727e7219d32830d438f7471db0,Tmin,71.1,1678118400
acd9dfc05e44afbf61d1867b37d3f1,350935727e7219d32830d438f7471db0,Tmax,77.1,1678118400
b143c5c97746afba83f236e5d6209e,350935727e7219d32830d438f7471db0,Tdesired,76.8,1678118400
b93aa4197a4acab0946650a6b5254a,350935727e7219d32830d438f7471db0,Khvac,0.9,1678118400
b675c6347647b296e16d19ae14a2fe,2479fa64bc1258171eb5c4be3d6038e5,Khw,0.7,1678118400
be459727aa45aa809eed868cd53211,591172af39de19a524f201b2e17661ac,Qdesired,36.8,1678118400
e942d894f940ffac0273623bfc9f78,591172af39de19a524f201b2e17661ac,tdone,1678139246.9,1678118400
12d162320c4402a70db98adbc9a872,591172af39de19a524f201b2e17661ac,Kev,0.3,1678118400
3e28d1ee344574a7315dd522331228,1e27a57f0efe4a995191ddbc576bf9d,Qdesired,27.8,1678118400
61028ec5f44bb28431a1fda8d73c84,1e27a57f0efe4a995191ddbc576bf9d,Kes,1.0,1678118400
4e2d104a144d0d83d52a32dd2dd90e,4decac3b9782948d332b6c08f9e58beb,Tmin,70.4,1678118400
b3a739231945bfaacf8b380a44fd60,4decac3b9782948d332b6c08f9e58beb,Tmax,76.9,1678118400
171844d5f84733b3fcbfe2384a6366,4decac3b9782948d332b6c08f9e58beb,Tdesired,76.4,1678118400
734e5228f544fb9ee9b4a4bf85b92b,4decac3b9782948d332b6c08f9e58beb,Khvac,0.1,1678118400
81b4c46f81441685b13099017613b6,8acb93c564ac16b2008b9b4b55abb34,Khw,0.8,1678118400
824fee9b0b4c0b94f44c9a31b30fcb,7c8497d393e36d22259d3db417d0b4db,Qdesired,38.0,1678118400
49c2fa564b4dfe81dfa8d8a6e2c1e6,7c8497d393e36d22259d3db417d0b4db,tdone,1678142856.4,1678118400
86f81e1e45453f93bcfec763f32ad4,7c8497d393e36d22259d3db417d0b4db,Kev,0.8,1678118400
cae4bee5a04d09b7722206160b90e6,c203e5405dcf8954ef476eae020215d,Qdesired,37.9,1678118400
4d0332fd234e9a95ae2e90e7328e5c,c203e5405dcf8954ef476eae020215d,Kes,0.9,1678118400
f4adb8876a4c6bbec473e34ba4b980,73c34edf4244e78828e2f0fccd1f1c7a,Tmin,69.0,1678118400
8d93af998b411299aebcfc747e780a,73c34edf4244e78828e2f0fccd1f1c7a,Tmax,75.5,1678118400
0f2e5881f74851a9662cee71b36299,73c34edf4244e78828e2f0fccd1f1c7a,Tdesired,70.1,1678118400
24e3ef794c4e74a468a27dd1d0602e,73c34edf4244e78828e2f0fccd1f1c7a,Khvac,0.1,1678118400
56535e131e4e93af5f44925c859a7b,29465312caeac79c7708ad314809b3c3,Khw,0.4,1678118400
fe9f9b05a84def9601554a8b3e4e70,7a7a2deb06689f3d1928916890eaf340,Qdesired,31.7,1678118400
fb974e72c647ce99cedac787110bbb,7a7a2deb06689f3d1928916890eaf340,tdone,1678130453.6,1678118400
3f438a76fa4a96a469e4107d09156a,7a7a2deb06689f3d1928916890eaf340,Kev,0.6,1678118400
fc977cc66f4d23ab72f148e01a3312,451f1a0c1ea398f011bd9fe9591cf97e,Qdesired,20.9,1678118400
4f9a551ddd4a409d078dac59d39fc7,451f1a0c1ea398f011bd9fe9591cf97e,Kes,0.1,1678118400
619d7f5deb43c0ac0f49236a3b6081,377a787b58f2a9e417a8e1c45550d30b,Tmin,71.4,1678118400
7ab21f9f79433ba9f6571a50852e3f,377a787b58f2a9e417a8e1c45550d30b,Tmax,74.2,1678118400
3b3d5280a4471286aa5104863bd28e,377a787b58f2a9e417a8e1c45550d30b,Tdesired,73.4,1678118400
af91427ec34da997d43a8a2b45bdd1,377a787b58f2a9e417a8e1c45550d30b,Khvac,0.2,1678118400
2fe3e8c31548bc89aafc06567dcf5d,75b49238ea44da81a6ab3ff6d468ed3,Khw,0.5,1678118400
f956a6f4ac475e99ffd07fdf1f58a3,324cd7f2ae44f27861019b6df3639841,Qdesired,31.1,1678118400
2c8e28b779488e8bb99550a7025999,324cd7f2ae44f27861019b6df3639841,tdone,1678133973.9,1678118400
3d7ae2d09745f08c643ef1eb067aca,324cd7f2ae44f27861019b6df3639841,Kev,0.1,1678118400
26b5b620fc4415a03030a7cdb22b65,4290f5ba4ecdfd857362ba525e773486,Qdesired,10.4,1678118400
f090e0fe8b4d9ba449e9329f017142,4290f5ba4ecdfd857362ba525e773486,Kes,0.1,1678118400
6719ea109c4f4f830f9f73058524cd,504f26c8916f8a892b4f9188d745e93c,Tmin,68.6,1678118400
0360cc71f34c31abcd3f2587f40c90,504f26c8916f8a892b4f9188d745e93c,Tmax,76.8,1678118400
d784ca7a8b4c9c923a115cfc6c0dfc,504f26c8916f8a892b4f9188d745e93c,Tdesired,71.8,1678118400
f1cd57457a4d8ca4da1e4dcc945da0,504f26c8916f8a892b4f9188d745e93c,Khvac,0.8,1678118400
f9226629c74b7c91162253b2a3de37,1124280f924110ea231a3a6f97c50be8,Khw,0.6,1678118400
22eb0ec1a142e8b2b6d67a266324a7,5eb3c08ab882e247985c8987cc4d47,Qdesired,10.7,1678118400
3efc3cbc564d02b84467d0302a16eb,5eb3c08ab882e247985c8987cc4d47,tdone,1678126239.3,1678118400
f67cb4cbeb4561af7b4942a36eeb44,5eb3c08ab882e247985c8987cc4d47,Kev,0.9,1678118400
d0b8f3955b46d0bd45241c44fa56df,181313c49e82b69b58a085b53f1b6024,Qdesired,13.7,1678118400
246112638f42b9842538c23007552c,181313c49e82b69b58a085b53f1b6024,Kes,0.6,1678118400
39a2d125f94d6aa63838fe62c79840,7b78122ca4ce7be829315bce5846ef76,Tmin,69.6,1678118400
0d6d565fd84611846b3cd83ab8fa7f,7b78122ca4ce7be829315bce5846ef76,Tmax,76.8,1678118400
ce9f7dc06e40bf97f0e1fb13405857,7b78122ca4ce7be829315bce5846ef76,Tdesired,69.7,1678118400
933a929180424393f33e3aa194a962,7b78122ca4ce7be829315bce5846ef76,Khvac,0.1,1678118400
2d4ae291bd4a3ab3b6f3de770cbe85,5d8e55b5ee20ad375fbbff4a832267,Khw,0.9,1678118400
f247bb0d83488ba5faafce6c092978,176893d1723b55e3160258cce24f064,Qdesired,21.7,1678118400
a734fb609f440a91fd9c636caf6ebf,176893d1723b55e3160258cce24f064,tdone,1678134846.6,1678118400
8510e7be0e45d7b4dbe8410c8f9177,176893d1723b55e3160258cce24f064,Kev,0.1,1678118400
27fda55cc843a28b724953776473fc,318141a2b0ec5d326fa0c567b67b2af,Qdesired,11.2,1678118400
5ac4ac61454e81b5f1532824ff2194,318141a2b0ec5d326fa0c567b67b2af,Kes,0.2,1678118400
0e01f6faf04b2eb093a9da5114ec1a,351b1046f238a6b698c29f9767ae87b,Tmin,69.9,1678118400
ff4b0b126648c28ac5a86a3d8f9581,351b1046f238a6b698c29f9767ae87b,Tmax,74.8,1678118400
82be89fa534ca4b4e361b42cddf03b,351b1046f238a6b698c29f9767ae87b,Tdesired,73.7,1678118400
38ee4cf44b4664af62c642a2628f71,351b1046f238a6b698c29f9767ae87b,Khvac,0.5,1678118400
d6908131eb4c97893b63a001fb6924,7a833b70890d79c11f9885b610e876bc,Khw,0.3,1678118400
89cfe5097847e49e96eb96f004089d,7e18715d12dc49295aa7d5f05dbc5af0,Qdesired,17.3,1678118400
669786754a417abe36b6dbb742a4d4,7e18715d12dc49295aa7d5f05dbc5af0,tdone,1678127823.0,1678118400
bf987d4e084cc49f03cb9135613b7b,7e18715d12dc49295aa7d5f05dbc5af0,Kev,0.5,1678118400
0890bda329494a91f2e7c24a5609c6,1344b0f2719d956f364cda0e802c78ce,Qdesired,39.9,1678118400
90a092c8554a3e9b754aad21341af4,1344b0f2719d956f364cda0e802c78ce,Kes,0.9,1678118400
b839491e93492cb71444a421fcf3a1,583fd26ab6490e915d63f37e9071f628,Tmin,71.3,1678118400
cb66cb9ab846c1b8c91d999ecb8468,583fd26ab6490e915d63f37e9071f628,Tmax,74.3,1678118400
90d1a960ac43a9bd2c60990313aa5a,583fd26ab6490e915d63f37e9071f628,Tdesired,73.7,1678118400
646fba4a1943ae8e0c2fb994ad5834,583fd26ab6490e915d63f37e9071f628,Khvac,0.7,1678118400
2c143964db4dccb0aa80002b43d030,4da543b03f95d3a0242317db94d0b424,Khw,1.0,1678118400
4b8c339d164571b9d0989ac0f3ba71,7e98f43f636fbf043fe78853defd589a,Qdesired,28.5,1678118400
dff87a5f87499b8bff03f54f366fce,7e98f43f636fbf043fe78853defd589a,tdone,1678123585.6,1678118400
10a91ab2794dad94d5a44e0fc25f27,7e98f43f636fbf043fe78853defd589a,Kev,0.6,1678118400
c79b18730a486196a261f156bfb929,218cfbc3d0fafe344f97907a104e2dcc,Qdesired,17.5,1678118400
3147902a534e4c973561103d8d1741,218cfbc3d0fafe344f97907a104e2dcc,Kes,0.3,1678118400
5408771e8a4c699685b81fdaa1b7ee,19ed7ae9c2c77706a8c848c937f726f,Tmin,71.8,1678118400
239c10c2df4ec2b7d5e685fdb27de5,19ed7ae9c2c77706a8c848c937f726f,Tmax,76.9,1678118400
c7ea71d2fd492eb81cca9ea17470d5,19ed7ae9c2c77706a8c848c937f726f,Tdesired,73.2,1678118400
6b283dc7bd43a2ba6398d985acc20c,19ed7ae9c2c77706a8c848c937f726f,Khvac,0.5,1678118400
63e256471b4f25aef5a3da8ba25cf4,46a17722c3552fb860e86393329a0723,Khw,0.9,1678118400
5130338b2c4457a14b7b54b5e4f235,3c38be1f29a97ad26158b611dbadc49c,Qdesired,19.5,1678118400
de3edffb754a9a9a19a959bdb0ff76,3c38be1f29a97ad26158b611dbadc49c,tdone,1678125266.8,1678118400
3f868594ab42f2aec304853f31805a,3c38be1f29a97ad26158b611dbadc49c,Kev,0.5,1678118400
eb22567ef64a05afb4484e957d179f,391472a46d9659d85710f9b48abdb989,Qdesired,23.6,1678118400
1870c322ef4b63a583b60edee82f60,391472a46d9659d85710f9b48abdb989,Kes,0.6,1678118400
c86bbd28994906bcf64676fa72cc20,7b709917530b341554c5269c5ddf2a90,Tmin,68.2,1678118400
85ac2bad0b43208db35795bfddda70,7b709917530b341554c5269c5ddf2a90,Tmax,74.3,1678118400
a53888bd7a425b91db559201f1b18e,7b709917530b341554c5269c5ddf2a90,Tdesired,74.2,1678118400
8ff8e4632d4fcf8d72617d7103adb0,7b709917530b341554c5269c5ddf2a90,Khvac,0.6,1678118400
ad0a822c154ccc878193fdb8bf7af7,327c43cede1fbc7c56ec9a8d017eed2c,Khw,0.5,1678118400
e8e904ae774029a51b090b9d50a2c2,100f8c61b758b2246180ccebc314cde7,Qdesired,37.7,1678118400
f94172b191420980c63324fcc8910a,100f8c61b758b2246180ccebc314cde7,tdone,1678139061.5,1678118400
084c2134da4e7ebf1bfcb00dda90e6,100f8c61b758b2246180ccebc314cde7,Kev,0.9,1678118400
6360da61ec4d63b8658bd5425a8730,30fe64dbc15d6bc94332bce044fcf88c,Qdesired,37.2,1678118400
66cbc359094d53bb6f55d00edeb6c7,30fe64dbc15d6bc94332bce044fcf88c,Kes,0.2,1678118400
89c046d48f4513849868c3cb114a65,23f0fb067157ff763bfcb1cf5070a00,Tmin,68.5,1678118400
3f9e5e168e4e7491eae9a95f8e5931,23f0fb067157ff763bfcb1cf5070a00,Tmax,75.9,1678118400
4f62a70ea4405a923e6848b41ac3c4,23f0fb067157ff763bfcb1cf5070a00,Tdesired,69.2,1678118400
0498e16be24f608635fe22488cc7f2,23f0fb067157ff763bfcb1cf5070a00,Khvac,0.7,1678118400
730d00f6ef4c6fbe3d896ac9298c1b,7fe28e30595463ba48e330908fbfb6ec,Khw,0.3,1678118400
c59fc2450b4675b494bf50bf7402bd,684ef747dd8ad06ffc1d6a6625d4207,Qdesired,22.5,1678118400
63789f9a124816be6bbda0728a88ef,684ef747dd8ad06ffc1d6a6625d4207,tdone,1678127079.9,1678118400
f943d9939542379440d77ed41d863d,684ef747dd8ad06ffc1d6a6625d4207,Kev,0.8,1678118400
196405fd9d4b18825ec66ca467fe6d,159a826d12e8af6e50cd54dd393a7eef,Qdesired,23.1,1678118400
5a1f9f21854b5abe56fae90f2eb330,159a826d12e8af6e50cd54dd393a7eef,Kes,0.0,1678118400
ca335c93a646a59f28e185c8948cfc,32b7b4b29efac8f27630580ccfe3fa2f,Tmin,71.5,1678118400
0c16f843b647e4826f3c80dd505b88,32b7b4b29efac8f27630580ccfe3fa2f,Tmax,76.4,1678118400
90e9d261ed4977a1d715701197eb52,32b7b4b29efac8f27630580ccfe3fa2f,Tdesired,73.9,1678118400
8721c413f74432b5f81d9189edcf2e,32b7b4b29efac8f27630580ccfe3fa2f,Khvac,1.0,1678118400
aeed9e83aa42b7b3a3baba47412454,447b2c64c9174c8773beaf3392fecb85,Khw,0.6,1678118400
971da18e7047e2b929f643012c9086,588ffb0583beee4677ead2a510c58a77,Qdesired,33.3,1678118400
a501f629ac4c5f9a64d7d8aedb33b1,588ffb0583beee4677ead2a510c58a77,tdone,1678128186.1,1678118400
35fcf2c486408d81e83b95cf9feada,588ffb0583beee4677ead2a510c58a77,Kev,0.6,1678118400
57e99382644ac0966c7d4610f62ded,6c38784c6ab8a3cf6414e8d0488f5339,Qdesired,16.5,1678118400
c57f446fb94816a2f65c4f13f4f1d8,6c38784c6ab8a3cf6414e8d0488f5339,Kes,0.1,1678118400
afe076929544e2b9716605b25a693c,70741b9f1cf9fbca31e5b69c7508386e,Tmin,69.2,1678118400
397d5d3c934a758a7cec9cef545f56,70741b9f1cf9fbca31e5b69c7508386e,Tmax,74.5,1678118400
f9f49fb17242ce95520fbccefab624,70741b9f1cf9fbca31e5b69c7508386e,Tdesired,74.2,1678118400
8e697712ad4731a89f41b15d9e752a,70741b9f1cf9fbca31e5b69c7508386e,Khvac,0.1,1678118400
9fdfb8c61649e0b60c3b67d65cb585,5337eb407b8928627c39fb5ecc725b81,Khw,0.2,1678118400
a69f7bc63c43ed9e18e841a7104703,2b246af1234cab5956c7618dcfda0c96,Qdesired,25.0,1678118400
4db6b110c64d22bd8649834cd6289a,2b246af1234cab5956c7618dcfda0c96,tdone,1678140893.0,1678118400
1ac91743ee4d7a84890e333093965c,2b246af1234cab5956c7618dcfda0c96,Kev,0.5,1678118400
860c849d7f4c3cb724e8f18b09d1b1,4ffbe67bcc6c15166b2a6db5153e108,Qdesired,35.5,1678118400
6f326bb331463db031ef8db934ec64,4ffbe67bcc6c15166b2a6db5153e108,Kes,0.1,1678118400
6f24622916494a9c606b3ac8b4af61,15d4465e8441d441cd43d0ad0e8326,Tmin,70.2,1678118400
13cb2267754e279d010e89f6bdb283,15d4465e8441d441cd43d0ad0e8326,Tmax,76.6,1678118400
a220104ef8473aaf3162a2e84d2623,15d4465e8441d441cd43d0ad0e8326,Tdesired,73.0,1678118400
9625b4ea0842088c1cf1df2962e52d,15d4465e8441d441cd43d0ad0e8326,Khvac,0.4,1678118400
a162391b334ac68dcce2ffa9f58224,339f3d70cc150a1a216ead09611cb39c,Khw,0.9,1678118400
97e31baecc4d4ab7c02947378d9a52,436b6e92669003ac3b062e89fba1df0,Qdesired,19.0,1678118400
3d8a270c9b43e8bc45b5d03cc8ebca,436b6e92669003ac3b062e89fba1df0,tdone,1678134773.2,1678118400
00c10fd2bd40d2bce22bbd0d4aeff7,436b6e92669003ac3b062e89fba1df0,Kev,0.9,1678118400
2d2f2785d84fc2bb6059e580aada92,37a6d01bf4009ae512d640ac594856d3,Qdesired,33.1,1678118400
6dd1e1bfc54d24a728aa6a4490b2f3,37a6d01bf4009ae512d640ac594856d3,Kes,0.3,1678118400
8f72c2a543415bb4702d3822cf551a,3cc4d3696225ab6d6b0f432088b2ec49,Tmin,70.2,1678118400
1d6a0da198412e8f6422b8ee4d4ba0,3cc4d3696225ab6d6b0f432088b2ec49,Tmax,75.4,1678118400
0a757dcf9040a697784c29e86fa2f8,3cc4d3696225ab6d6b0f432088b2ec49,Tdesired,70.8,1678118400
ed8f3540ff4bb8b4c9ba31e032c763,3cc4d3696225ab6d6b0f432088b2ec49,Khvac,1.0,1678118400
f6129dbafa4c62bb8f1235a5f55f7b,4a24b49d1aab9511446418c6e61e0d10,Khw,0.0,1678118400
796fde4e2043ee8df2974d01c0093b,211628d32c19212b5f1c24c4475a8196,Qdesired,22.8,1678118400
84e87a3d6a4cfcae247eb7654aec31,211628d32c19212b5f1c24c4475a8196,tdone,1678139642.0,1678118400
75a3fd39394d4e8b5daa8a42d35184,211628d32c19212b5f1c24c4475a8196,Kev,0.7,1678118400
b08800de80453399e2844ea3630b82,346ea5a1d721ac7f1b422a260bf66a3b,Qdesired,10.2,1678118400
1dbdc7fe254d3eb3b0420323c82410,346ea5a1d721ac7f1b422a260bf66a3b,Kes,0.6,1678118400
670750c67a4921b6bc421559da6317,709525db1b51186e5e15f3137b301f2c,Tmin,70.8,1678118400
7846798db6436da3d890188c6b392d,709525db1b51186e5e15f3137b301f2c,Tmax,76.0,1678118400
41d1e3be554d55a1a3f46ef9c2611f,709525db1b51186e5e15f3137b301f2c,Tdesired,70.9,1678118400
5ceee43c75430fbd4a5d518265a08e,709525db1b51186e5e15f3137b301f2c,Khvac,0.7,1678118400
52acfdb7154f2c9d001b31d30578db,1716489a6f7c879549fab6e60df816c,Khw,0.3,1678118400
0c2561fe1240e0bd60d099b0cacd17,5485a9102e0b8d82562fc548d0cbf5b5,Qdesired,27.7,1678118400
5cbbdc455449bab6b2654648078c29,5485a9102e0b8d82562fc548d0cbf5b5,tdone,1678131897.2,1678118400
d428fc0c3443d190f51392dc54c09c,5485a9102e0b8d82562fc548d0cbf5b5,Kev,0.9,1678118400
13cfc3820048eebef6288cddde7408,79c908e42a5ae9c1205f39fdcccbd883,Qdesired,25.1,1678118400
c547cbe9ff4b27ba943c25ed7a1a95,79c908e42a5ae9c1205f39fdcccbd883,Kes,0.1,1678118400
12c26ede1246c6997a84e46e7df69c,18c6a79e9d212ff9709ee3e1c87832c3,Tmin,68.3,1678118400
d7d7fb93b842bfa80365d323136d0e,18c6a79e9d212ff9709ee3e1c87832c3,Tmax,76.4,1678118400
b47efe652c4949ade298d78d653fe3,18c6a79e9d212ff9709ee3e1c87832c3,Tdesired,75.9,1678118400
04caf594fd4632a228ded843128c60,18c6a79e9d212ff9709ee3e1c87832c3,Khvac,0.1,1678118400
affbd8c39a4851a0a9c92edad08922,44bb502f8fac0b8c31b137b87b5f4b4d,Khw,0.8,1678118400
e6d51d1e59447d95e8a39262e0ddec,340d46488d403077b476667f9673b9a,Qdesired,13.9,1678118400
0f37aaa22240c3905be9ebe634abd6,340d46488d403077b476667f9673b9a,tdone,1678139875.3,1678118400
40358fb9754558b04c9549b882e9a1,340d46488d403077b476667f9673b9a,Kev,0.1,1678118400
5206b50bcf4560a782457d94d01eea,7e3b6b4c2a584941224b4c539d62b4eb,Qdesired,16.6,1678118400
af081dd274487c85a02c5506f24508,7e3b6b4c2a584941224b4c539d62b4eb,Kes,0.0,1678118400
0b285b32e441cc8e2f904d0a2ecd6d,6cd9458812ce7ec833cf30158765ee93,Tmin,71.1,1678118400
95009f08c54e0fa0f51c565e4a4a25,6cd9458812ce7ec833cf30158765ee93,Tmax,77.4,1678118400
35a4e09f1d449583659213314098f8,6cd9458812ce7ec833cf30158765ee93,Tdesired,76.7,1678118400
951bf36dc04b5185ea212fd2bfe51c,6cd9458812ce7ec833cf30158765ee93,Khvac,0.8,1678118400
0b8880c34846d8b038becbfb106ada,1b0d00e735d290ed11c7d5e12c783dcb,Khw,0.4,1678118400
182f6b8a9e4efeb3aa81fe5e38be0d,2250842b80a590593393d36fd61eaf5b,Qdesired,10.8,1678118400
2c66e867db4bd5be16fcf416ef246f,2250842b80a590593393d36fd61eaf5b,tdone,1678143253.5,1678118400
72a5a7d1fd4a29abca06a84f70933b,2250842b80a590593393d36fd61eaf5b,Kev,0.3,1678118400
df7066e2ce45649970e868e196e1cf,52da5eae931941b1fe8876217d52ee8,Qdesired,39.5,1678118400
d02d9aff3e48ca9f538ecb5144e88b,52da5eae931941b1fe8876217d52ee8,Kes,0.2,1678118400
ca7b295ccb46859c15840e10d69816,41204574deb5e7142141372e7809d29b,Tmin,69.2,1678118400
915ff069d849f2b2f8653a0af14ce2,41204574deb5e7142141372e7809d29b,Tmax,77.0,1678118400
32a743865745f4bd18b4c2c10f9186,41204574deb5e7142141372e7809d29b,Tdesired,70.0,1678118400
85528353bb4d8495b107abb583c408,41204574deb5e7142141372e7809d29b,Khvac,0.3,1678118400
066d3cb8a04f80b952863adb23ef75,339d677e43d5619b7d3df54114163f55,Khw,0.3,1678118400
0ffe58b11e4ed2b1c9317f66f75b32,3584a2496862be0f399c38b3ebbc5fbf,Qdesired,30.4,1678118400
906d6231d9496480d350cb40123782,3584a2496862be0f399c38b3ebbc5fbf,tdone,1678127294.7,1678118400
37be5133b94cbc9892628828b2d42e,3584a2496862be0f399c38b3ebbc5fbf,Kev,0.3,1678118400
ef16b9f1e84e169d9c968984350565,61b7ab945f9b62d012eee214bcf80b56,Qdesired,26.7,1678118400
513fcf768f4003a470f221f09ca89a,61b7ab945f9b62d012eee214bcf80b56,Kes,0.8,1678118400
e20388ddde4879b6057cb1371777b1,7c8e966b17a3de5f36147a3cedf62f7b,Tmin,68.2,1678118400
c3ddf107ae4f66b47a1ac24d0c363b,7c8e966b17a3de5f36147a3cedf62f7b,Tmax,76.4,1678118400
71a6c3ac184d83bc937a9dfcbbc5d1,7c8e966b17a3de5f36147a3cedf62f7b,Tdesired,73.4,1678118400
c661f0d0af4c3d9b151119d36d51e4,7c8e966b17a3de5f36147a3cedf62f7b,Khvac,0.6,1678118400
c64f3298a742f8a22f9aafe81f60c0,331c2762990255a26f2b3ffacb74952d,Khw,0.5,1678118400
9481d4ee38405eb17063296c94aff1,fcef52985214e7c34d98d28fb183ac7,Qdesired,32.4,1678118400
bdd802b803435e8253d803809e6a8c,fcef52985214e7c34d98d28fb183ac7,tdone,1678126609.1,1678118400
bffb3f9472411db9fa7050abc06b2b,fcef52985214e7c34d98d28fb183ac7,Kev,1.0,1678118400
f0fb77714d4c7891435b7b71661408,4272750f82283bd078fa8ca4d689c2a4,Qdesired,14.6,1678118400
62df71abda49c6a1f7b4cdcfae4a09,4272750f82283bd078fa8ca4d689c2a4,Kes,1.0,1678118400
a994954f7841169e92af5ddec580df,788babbc9f2252c4afa3a800e5ca543,Tmin,69.4,1678118400
0b87e4536d4dc08727c385129995fa,788babbc9f2252c4afa3a800e5ca543,Tmax,75.5,1678118400
302deebed44db8af1f96de75d6d9be,788babbc9f2252c4afa3a800e5ca543,Tdesired,73.0,1678118400
d8370701744262a2da53e8b0ebb0dc,788babbc9f2252c4afa3a800e5ca543,Khvac,0.1,1678118400
fbe86079b84b2bb2d5ebb1ca56987c,11ff6bb7589857d12af5f08a696ed2a3,Khw,0.1,1678118400
662f871e344f1ebf42ec040938832b,3886296f93561517463e4e05c161d162,Qdesired,11.9,1678118400
637df13fee4709ad2ac31e1fec9931,3886296f93561517463e4e05c161d162,tdone,1678144713.8,1678118400
868d7ed4ba4b0aa9ccb5107a05b372,3886296f93561517463e4e05c161d162,Kev,0.8,1678118400
c4c094797149aeb75c29e019a356bd,564847269aab95b4799ddb432d7dba1f,Qdesired,23.6,1678118400
695bdf69c549238f5f3520dcdd9b6c,564847269aab95b4799ddb432d7dba1f,Kes,0.3,1678118400
0d0e0d2ab04860af450ca9165d5362,3b26c1f3cf9a3a0394d7a0fa27705c5,Tmin,68.2,1678118400
4f38f1c89a40e2bb69a7f39f8d617b,3b26c1f3cf9a3a0394d7a0fa27705c5,Tmax,75.6,1678118400
29d83a91ae4b12a03d8be95aa8d31e,3b26c1f3cf9a3a0394d7a0fa27705c5,Tdesired,70.1,1678118400
76ad1b98604848b9346c0a7dbcee0a,3b26c1f3cf9a3a0394d7a0fa27705c5,Khvac,0.9,1678118400
acec5032af4379a1af4bacc4ee3e3f,5bd866775d216a2156de39797a98ea8e,Khw,0.4,1678118400
f451eaa02e44acb400c51956e4d255,469290f48a700d4569cd2c62ec59ba3d,Qdesired,11.4,1678118400
720b1d2ea44094b1af2cb5fe108837,469290f48a700d4569cd2c62ec59ba3d,tdone,1678133735.7,1678118400
c1c1a19c654dffa79029717a3379ce,469290f48a700d4569cd2c62ec59ba3d,Kev,0.3,1678118400
6b7ff0fe7f45cdb6f22e4be03c191d,1a4672d32534733e396d52aad436f5df,Qdesired,38.7,1678118400
beacf38029437bad44751d8c84850e,1a4672d32534733e396d52aad436f5df,Kes,0.7,1678118400
a68f13019f4b63962a9206a9394395,1cc419de7c1c359f5d19fe6bbda329e2,Tmin,70.3,1678118400
3c6c1e59674f48a750688659a63223,1cc419de7c1c359f5d19fe6bbda329e2,Tmax,75.8,1678118400
e434b4d98a4c4dbf3d7249bb1b0cac,1cc419de7c1c359f5d19fe6bbda329e2,Tdesired,73.9,1678118400
7d6ca7b0404aeca6dba3e2cebc6fd2,1cc419de7c1c359f5d19fe6bbda329e2,Khvac,0.9,1678118400
bf8bf45aad4072acedaea173a5faaf,1fa2999c4facca526b945ee5adbce52e,Khw,0.6,1678118400
bc9d7bd5d64130a8a17e19205470c1,2bad99f3c030ccd14d234cda82950190,Qdesired,26.3,1678118400
056cc818f44e5f925a4640691a5215,2bad99f3c030ccd14d234cda82950190,tdone,1678137697.9,1678118400
0acf38d9134d45bf6086f16657a536,2bad99f3c030ccd14d234cda82950190,Kev,0.8,1678118400
d9bdcba8334a969e1afa90907a025c,2067af52719b9d1b6a1676cf44d575bc,Qdesired,19.2,1678118400
3822c53bb34aa190bb9d1c1098c889,2067af52719b9d1b6a1676cf44d575bc,Kes,0.6,1678118400
398f9855b74abcbb11b8b0ce26d208,425560e9643ad411432f52e77bb09c8,Tmin,69.9,1678118400
c456014be7424e94bfe2937cea2023,425560e9643ad411432f52e77bb09c8,Tmax,74.3,1678118400
9510c69a644bd39ea4267032c3c07e,425560e9643ad411432f52e77bb09c8,Tdesired,70.0,1678118400
7c00167e9c4579a595bf010373dcd1,425560e9643ad411432f52e77bb09c8,Khvac,0.6,1678118400
6ecb50dc494fe089be9c7aa9d7f42b,610e0a3ba30fc4ee8c5223873e1c5ca,Khw,0.1,1678118400
60c9ea9bf0442f92203d3b9386eee3,70be9017afd3cb203b0cb92affc25fa2,Qdesired,13.5,1678118400
237b0576ef4180838411a7a8b2ed4d,70be9017afd3cb203b0cb92affc25fa2,tdone,1678138753.0,1678118400
2245e194cc4c739dfcd825f103cc22,70be9017afd3cb203b0cb92affc25fa2,Kev,0.3,1678118400
25ed4591c44725b7bdf550dae9154f,1f682e54487d41b5276afb741368ca21,Qdesired,13.3,1678118400
e66b7f5537407f81814fa31ac8febb,1f682e54487d41b5276afb741368ca21,Kes,0.7,1678118400
41454e71a64e21bcaf2c5d3d51c9a6,1aad9df674c2a96d5a3fdaa5fb4b2af9,Tmin,70.0,1678118400
8935c6e5ba4fe3a73ec738131fd81e,1aad9df674c2a96d5a3fdaa5fb4b2af9,Tmax,74.1,1678118400
ada486468544fe810a5c0197cdfd88,1aad9df674c2a96d5a3fdaa5fb4b2af9,Tdesired,70.6,1678118400
ead6b2773348ff9785ab379b176a21,1aad9df674c2a96d5a3fdaa5fb4b2af9,Khvac,0.5,1678118400
6d3778a40440cb94a389f92d3c07dc,5ad87d9eb312f0e73ea81fbdd4acfbd8,Khw,0.1,1678118400
cbc085a3ad478d82256db8fb64648c,3323c7ada553f9872c10a3d064d8f635,Qdesired,23.4,1678118400
cfaeb6b7d242e2b07286a41c282d0c,3323c7ada553f9872c10a3d064d8f635,tdone,1678137936.0,1678118400
d7b4bad6cc46b4982d80b6afa252a0,3323c7ada553f9872c10a3d064d8f635,Kev,0.8,1678118400
0d8f1d8a404787a4de0a0280594f78,1b988a0cd4ac15a3316cf6d2743463bf,Qdesired,15.3,1678118400
77b1cac59a459d8281a0ee8ba4cf66,1b988a0cd4ac15a3316cf6d2743463bf,Kes,1.0,1678118400
24430a5449494b8b81dc27d40d4bd8,7e95b9a9a511cc1361cc426527d2de96,Tmin,71.5,1678118400
5b231e6e1542a8a61203a85a96d800,7e95b9a9a511cc1361cc426527d2de96,Tmax,77.5,1678118400
d2c63f60184da399c419a030a0b227,7e95b9a9a511cc1361cc426527d2de96,Tdesired,75.8,1678118400
a2064f9c2f49d9b8a0599428bf37f2,7e95b9a9a511cc1361cc426527d2de96,Khvac,0.1,1678118400
bb0f345f10406784a51cc1b278c933,6216e06b47db2a3a5c94be38b6935017,Khw,0.3,1678118400
f092464fc449489f57038bd6e89a36,330552b78cbfe7aec031daf7c77ff89,Qdesired,33.2,1678118400
50770838404d1a95ad95b3cbfce584,330552b78cbfe7aec031daf7c77ff89,tdone,1678126668.5,1678118400
c39c11781a401f9df85ecc3ac1302a,330552b78cbfe7aec031daf7c77ff89,Kev,0.6,1678118400
f4582328214ce6a94b6b0274cfe8f3,78a6ad5910663c831369b62cd5f7c8ac,Qdesired,23.8,1678118400
b72ba4d2114dbf9499a49c23a18b2f,78a6ad5910663c831369b62cd5f7c8ac,Kes,0.0,1678118400
1a9835c1254bff93af93db87d8a82d,4e274eaf7da9ad8ba5b220108068201,Tmin,71.7,1678118400
480fc45ec34457b274493b112f583e,4e274eaf7da9ad8ba5b220108068201,Tmax,74.9,1678118400
164c51faab4d2bb382fe7361c7f788,4e274eaf7da9ad8ba5b220108068201,Tdesired,71.7,1678118400
2dbfa4686a4d46a57da3367fb97f1f,4e274eaf7da9ad8ba5b220108068201,Khvac,0.8,1678118400
a9825728d4415ba046f69d30ccf846,3a85f7c1bd01850c548d509cdb1cc54f,Khw,0.7,1678118400
f5fbd738064620a20ddfdaef0874b0,42a3601725551c144497dda592f45514,Qdesired,13.2,1678118400
8740f6bcb346559e67e4e83a1709cb,42a3601725551c144497dda592f45514,tdone,1678129229.2,1678118400
c58a6e37f64beb8ecafe69069aabed,42a3601725551c144497dda592f45514,Kev,0.9,1678118400
b3d8a9a53b4568987568aa04471348,4472d5e2f6750e6c47ffd47ed012f221,Qdesired,23.3,1678118400
7d810ef44b4ecba056435f77d48ed0,4472d5e2f6750e6c47ffd47ed012f221,Kes,0.9,1678118400
fbdc0dba614de7a20f6e8c264c1516,6e9f49e1b56c649a73733d955c0ec586,Tmin,69.2,1678118400
dd785c8fc64dd0b0e0d6efc6b6a5f7,6e9f49e1b56c649a73733d955c0ec586,Tmax,77.3,1678118400
b162db8cb340868053eeebe171b0e9,6e9f49e1b56c649a73733d955c0ec586,Tdesired,73.2,1678118400
4663b18702474fae0a06729de92bfe,6e9f49e1b56c649a73733d955c0ec586,Khvac,0.4,1678118400
b9ab89338441b190e348171f1efdd5,2bdc7c5a0ce56d8943d10996cf2c9bc9,Khw,0.4,1678118400
1c4d9277434b8fa4aec4d69c54495f,66a964a1d8eeb7a21cedba38e2d7d458,Qdesired,23.4,1678118400
2d783c678d45a29095ef613a337a89,66a964a1d8eeb7a21cedba38e2d7d458,tdone,1678143970.3,1678118400
6a054adbb645af83aecd1320722787,66a964a1d8eeb7a21cedba38e2d7d458,Kev,0.1,1678118400
6d5b77ecd64d76921f7e3ef09474c3,aded03eb79e0dfe6a323313a4ecaff6,Qdesired,21.3,1678118400
3f3b00ef494a44b5519cc9cb632ed2,aded03eb79e0dfe6a323313a4ecaff6,Kes,0.2,1678118400
39db3d44c643bebe8363ed0718116a,2e474aa83e5274561c4898b6317c2784,Tmin,70.2,1678118400
a8bb2cbce046c4bcb8a2a625d827a5,2e474aa83e5274561c4898b6317c2784,Tmax,74.6,1678118400
1e86f9b7f149ad8e18531d6e05bfb8,2e474aa83e5274561c4898b6317c2784,Tdesired,70.2,1678118400
18382208db4a7ab069babb69f3ffdd,2e474aa83e5274561c4898b6317c2784,Khvac,0.3,1678118400
cfd159bbcd4682a05eca0d898dc0f0,62b3d7ae516c1aed42cfbbc2b50596d2,Khw,0.0,1678118400
cd1c1467f048fea408e398250420d7,d94c8a25193c5ab47a4ac64e5482ef1,Qdesired,10.2,1678118400
a4bf8608d24c43bd5977d9642bb1a0,d94c8a25193c5ab47a4ac64e5482ef1,tdone,1678127273.9,1678118400
72cc8bed8347e28d8b2edb9469fb30,d94c8a25193c5ab47a4ac64e5482ef1,Kev,0.4,1678118400
77506a32f34da3862b148b1696f00d,137d013a145a63df2cd7793834865654,Qdesired,17.8,1678118400
aafe9c7b79435d8585f8692666999a,137d013a145a63df2cd7793834865654,Kes,0.7,1678118400
da0251e53a4994afe1068a83365012,34e3cd110f6be13530f1aeea2490e3a1,Tmin,69.8,1678118400
f187dc2bf745cdbd75531841237600,34e3cd110f6be13530f1aeea2490e3a1,Tmax,77.0,1678118400
de966e791648eba52a0c79315e0efc,34e3cd110f6be13530f1aeea2490e3a1,Tdesired,73.0,1678118400
bc417b7d2b428ea0130045cb0fba99,34e3cd110f6be13530f1aeea2490e3a1,Khvac,0.2,1678118400
2d9fcf18cd44d1b1de0ecdb138d4ff,4bbabedcaa8ff2469cadd15b9c6dc56,Khw,1.0,1678118400
7ef016ea654aee973e2dcd81cdfb2f,1478eaae74dcd4a61dc321f617083b94,Qdesired,15.8,1678118400
b2c871f2764a7db69dba7e5a5b7c37,1478eaae74dcd4a61dc321f617083b94,tdone,1678128810.0,1678118400
940911ed934caa8fd5e36af4669652,1478eaae74dcd4a61dc321f617083b94,Kev,0.8,1678118400
6a39d9f4ee495abd3a44960ee244c4,327cdefd4da28d9c7dc2977f7ece4d0,Qdesired,30.8,1678118400
ff7de3fb91423fbb371b30ab5475d8,327cdefd4da28d9c7dc2977f7ece4d0,Kes,0.7,1678118400
49d45b2f3842b4b7c5b81ae5419e3b,28137bf27de7d8cb4e9d6fb2ca1312bc,Tmin,71.6,1678118400
efb287e6824de79f4d128af6430f58,28137bf27de7d8cb4e9d6fb2ca1312bc,Tmax,74.8,1678118400
5534d3ec8845f2b0ea62d58bb84c87,28137bf27de7d8cb4e9d6fb2ca1312bc,Tdesired,72.3,1678118400
bba50ac5664a44894045c1dbd4e134,28137bf27de7d8cb4e9d6fb2ca1312bc,Khvac,0.4,1678118400
4f8b45679d427e8174a54982725e4d,2f1fffd7a387929313da7f15d285d093,Khw,0.5,1678118400
ef2cf704cb4f7dbc1b0c3feb4c831f,5896d0c336cd04ec784ee53046c16db1,Qdesired,37.5,1678118400
70784f766f44178d9d19ed2c2cf2e3,5896d0c336cd04ec784ee53046c16db1,tdone,1678145416.4,1678118400
c89c34b46d4615a1e1cfc0df02bd92,5896d0c336cd04ec784ee53046c16db1,Kev,0.2,1678118400
c635fef53743f19292dea7ec5f2aa7,29e3178f2f4296ce5b9f633a3c668a1f,Qdesired,21.0,1678118400
fa6e60224b4bd080244f49a5bb505b,29e3178f2f4296ce5b9f633a3c668a1f,Kes,0.4,1678118400
4cebc401744107aa18704c6d216e63,70c7a30e6dcea520326eb6536e253668,Tmin,68.2,1678118400
e144a0b0f246e9ad4713e95d6ea6d1,70c7a30e6dcea520326eb6536e253668,Tmax,77.9,1678118400
eed5eac763494ebee97ad7d3d6fae8,70c7a30e6dcea520326eb6536e253668,Tdesired,75.2,1678118400
32e018e9a94d18bda883837dfe5d01,70c7a30e6dcea520326eb6536e253668,Khvac,0.7,1678118400
92b600272243f7aa1271abe7bb984f,3af22af53d94cc73458f3219a06c9a23,Khw,0.7,1678118400
83ed09c6fc4ce4a04c41508d0ea6a4,77592399c9066a0e1bd99902258cb0b,Qdesired,16.1,1678118400
adf1ef7307415d9542c601bc8cc50c,77592399c9066a0e1bd99902258cb0b,tdone,1678124211.8,1678118400
9b6f1324214a17b9db33f15fc54312,77592399c9066a0e1bd99902258cb0b,Kev,0.7,1678118400
4ccc2e1f934ebc8f2c74deef4a07e4,7219448b005ec1745ad1d190568dc825,Qdesired,24.3,1678118400
6a3b9c4cf5440cbdb2a68985e253a5,7219448b005ec1745ad1d190568dc825,Kes,0.1,1678118400
0ecc9f89c94b808bada833e05defaa,5959ca1d49aebdab1f28baf17010d60,Tmin,69.6,1678118400
c2e8e8c3324e6dbf7933019cc4e6a1,5959ca1d49aebdab1f28baf17010d60,Tmax,76.4,1678118400
70681fed9e4489be9251f6887cfec7,5959ca1d49aebdab1f28baf17010d60,Tdesired,76.1,1678118400
0562e8fe1147ccabecb6de8bb73900,5959ca1d49aebdab1f28baf17010d60,Khvac,0.8,1678118400
44ee8ed6d44f4191745863cc15ab67,564299b8ac5b8c6376dcaace5ba0b777,Khw,0.0,1678118400
ce9abb5e834444a6177ae6e607eaf7,711d3e2ea8cbdc50379cddcb1772c1df,Qdesired,18.6,1678118400
503adc0c074e239de465bb393eff57,711d3e2ea8cbdc50379cddcb1772c1df,tdone,1678123651.8,1678118400
74a14d64804bed98f9b79eba615693,711d3e2ea8cbdc50379cddcb1772c1df,Kev,0.4,1678118400
b33172b224464687013ac8bac4b6d2,7ccece46321af31b4bf0b2ebd698acd0,Qdesired,10.5,1678118400
5bac86f2d144748377c8c44d8684e2,7ccece46321af31b4bf0b2ebd698acd0,Kes,0.5,1678118400
d3d39413d040f68615811411d0a680,5edba7ee7dda00b77fb751eda53f0e93,Tmin,68.3,1678118400
e1492da9074551ae9f27da7210571f,5edba7ee7dda00b77fb751eda53f0e93,Tmax,74.1,1678118400
56828d8824459fb0b9c51519ca4401,5edba7ee7dda00b77fb751eda53f0e93,Tdesired,70.1,1678118400
a98ff749d540528ec21cf0d1cc49b5,5edba7ee7dda00b77fb751eda53f0e93,Khvac,0.5,1678118400
01e75a804149b7894fa4c31b6cefeb,60f443a0ee6ed9fd512c9cd2e975f6c3,Khw,0.8,1678118400
1171b70eb04bac9836aeba239c2b06,190001f3c447f77e279a3c6085957371,Qdesired,31.7,1678118400
e5332a94e9467db6f456eac7a62e42,190001f3c447f77e279a3c6085957371,tdone,1678144750.0,1678118400
fec039582e49e48e19422a628a7b17,190001f3c447f77e279a3c6085957371,Kev,0.9,1678118400
bfd4a3392f4e71bdfd573855fc4427,6c4a1aefb2e0742d7bd4b0bae08cce57,Qdesired,17.8,1678118400
5a99cc4ab4478482d6feec2d34bb64,6c4a1aefb2e0742d7bd4b0bae08cce57,Kes,0.3,1678118400
0ffc7bfc7544008cb77bf17b77952d,536a1f9017a75a7f34d4e21627f3af94,Tmin,69.9,1678118400
5521d4963e4dd98e4a1362d6d4d9c6,536a1f9017a75a7f34d4e21627f3af94,Tmax,77.2,1678118400
0ccb6dabed49418164815716f3f13f,536a1f9017a75a7f34d4e21627f3af94,Tdesired,73.6,1678118400
cfafd9f0494d83bf43800fea2b2cb9,536a1f9017a75a7f34d4e21627f3af94,Khvac,0.3,1678118400
334fc4225f4a9eab32314264839f75,728a9b55aad5288a1a6db75606acd2f9,Khw,0.8,1678118400
6b6246e906455b8658bad63336142f,1daf84d9e3cb2e7d99d1e4ac4898072,Qdesired,24.2,1678118400
14c87c026e4772bfe2f28f1ce1cd6b,1daf84d9e3cb2e7d99d1e4ac4898072,tdone,1678130418.6,1678118400
686ba7e6614ce2a1e7ccb9fdca5e4d,1daf84d9e3cb2e7d99d1e4ac4898072,Kev,0.2,1678118400
b8fab317e447948c05a085e201b481,7bc087abe5a295e954669173882a0c3,Qdesired,21.3,1678118400
24d5db643e49f6b3537683063404e8,7bc087abe5a295e954669173882a0c3,Kes,0.9,1678118400
80167ba9d642f5a36cf6a56c2b64c7,217a6768c8aba36e1f803bb6a51a289d,Tmin,68.4,1678118400
f6fa6f1f9a424e960788167b8f1711,217a6768c8aba36e1f803bb6a51a289d,Tmax,74.7,1678118400
5248e760354eab8985d1b5186b031c,217a6768c8aba36e1f803bb6a51a289d,Tdesired,68.4,1678118400
9837232a6247008e9ecfebd0e50e60,217a6768c8aba36e1f803bb6a51a289d,Khvac,0.4,1678118400
c135c2127648e18a5ee26dbe75f408,58f918c5b23a60985d2263b9c5c9f446,Khw,0.7,1678118400
e745f5acf14f0a9a8d4c6b450158be,7b3ab97e970b013c46d15f8e3e8a67df,Qdesired,11.7,1678118400
5a145f6a0a4b8684db7ee09e4a4437,7b3ab97e970b013c46d15f8e3e8a67df,tdone,1678144236.5,1678118400
126ca4a84c43d090d240787c2c2257,7b3ab97e970b013c46d15f8e3e8a67df,Kev,0.3,1678118400
dcd67995a14240ad8c0150fe2ea131,689a4bbc7d0a9cd17d894a5242e4be8b,Qdesired,10.2,1678118400
8ed171f5944612b23f39f3ed6f9caf,689a4bbc7d0a9cd17d894a5242e4be8b,Kes,0.7,1678118400
71170f6f1e4c6fab4b6957cca55363,2a7a578e06f1ba769e667995c13785,Tmin,68.6,1678118400
db52a3ec2d4490a0b6e9a0d64f9602,2a7a578e06f1ba769e667995c13785,Tmax,74.9,1678118400
ea2c259f654d1c807292b8f0d5cb44,2a7a578e06f1ba769e667995c13785,Tdesired,74.7,1678118400
7742b563c34514aa7914bfbe2c1a97,2a7a578e06f1ba769e667995c13785,Khvac,0.5,1678118400
72e460292e4775a43b165ec12fee02,60767d4d8426ca205d75e630a13b20c8,Khw,0.7,1678118400
0a34ea24f242ed86e923cd69b328fe,25e2314fe65e36fb7db425e4de7dfd1b,Qdesired,26.6,1678118400
63e68b1dc7482db745990fdaa1b274,25e2314fe65e36fb7db425e4de7dfd1b,tdone,1678141827.1,1678118400
12ed295f7f4fa2ba3b049517456baa,25e2314fe65e36fb7db425e4de7dfd1b,Kev,0.9,1678118400
91f616196a4d789812d19d04a895bc,2ccc65a37acf689815ef60aa38c2991b,Qdesired,35.5,1678118400
063cae1b854dc8af3ae07f71d8ab45,2ccc65a37acf689815ef60aa38c2991b,Kes,0.0,1678118400
16a5c22061490badc69877dca87e4a,688ff2d63b9ad7a0124e25cd56476dad,Tmin,68.3,1678118400
effe430540437a935f517f62f79d92,688ff2d63b9ad7a0124e25cd56476dad,Tmax,75.9,1678118400
cf16f7c8f949a6a337c3241fd91405,688ff2d63b9ad7a0124e25cd56476dad,Tdesired,72.5,1678118400
d219b149f04dab92a873adb7b68bdf,688ff2d63b9ad7a0124e25cd56476dad,Khvac,1.0,1678118400
3812ec673f478f878d9b51ba6a8f34,3447f1d118442c4a6b438060619db335,Khw,0.5,1678118400
416fbdfd9d4c0fb1a2d1e55443b595,3de8189d07fe0e80132a995a124a71a5,Qdesired,19.1,1678118400
1c31d8dc8644f4915c3482e6ac9da8,3de8189d07fe0e80132a995a124a71a5,tdone,1678138055.0,1678118400
ddbaf7928243dcb3eaf4cf53e0fa48,3de8189d07fe0e80132a995a124a71a5,Kev,0.2,1678118400
f047ed899e4c9182e06fb790e256eb,5a23b23092eb67134265b5d6cfe3856d,Qdesired,22.9,1678118400
7c82928b4c43aead775b61c77d4e7c,5a23b23092eb67134265b5d6cfe3856d,Kes,0.8,1678118400
c174987091488692c23d4832f93cdb,1c0a70182b48de2697e1e83ca9652cf,Tmin,71.3,1678118400
9a202f58b042718843a5f0c33b20b3,1c0a70182b48de2697e1e83ca9652cf,Tmax,77.6,1678118400
d27e811aa24eac92d4c34d4a6236ed,1c0a70182b48de2697e1e83ca9652cf,Tdesired,73.2,1678118400
43477a00bc4c85bfc6e0ea566da674,1c0a70182b48de2697e1e83ca9652cf,Khvac,0.9,1678118400
411e8e03c34a5593341b7f5734a9ae,28941ee22bb012c3212e36011817e325,Khw,0.3,1678118400
6faef1de484e70afddaed8fd95b1b9,1c5d8cc3594a691f608f1eeda0fdfcdb,Qdesired,36.9,1678118400
f248aeac88409a8f40c7b7442e4d35,1c5d8cc3594a691f608f1eeda0fdfcdb,tdone,1678145973.8,1678118400
6a51d40d104047a179409f1f43dc1f,1c5d8cc3594a691f608f1eeda0fdfcdb,Kev,0.8,1678118400
4711e536224c338a81633517c56bbe,66944db832dbeff57507e2b797371e0e,Qdesired,25.1,1678118400
774597724d418e834fd81afca4dbae,66944db832dbeff57507e2b797371e0e,Kes,0.7,1678118400
4bd800923349d8849d6aa1e2a3974b,b94a52e50432dc614760e6c76796d5e,Tmin,68.6,1678118400
5d3f54d4e044f0ae94c0e5f1749fb2,b94a52e50432dc614760e6c76796d5e,Tmax,74.5,1678118400
be350ff9924cb0a92b0c136ba639cc,b94a52e50432dc614760e6c76796d5e,Tdesired,72.7,1678118400
e2e890315d44e487accb63659ce4fc,b94a52e50432dc614760e6c76796d5e,Khvac,0.6,1678118400
44226f35114b37b3f78494d8c950b9,3d355ed8521c02ab20aed37c6c685f00,Khw,0.4,1678118400
d201609c2a49ca8f09b4789f896c0e,8f66c4cdc058fb0ebfb52d9528bab4,Qdesired,29.8,1678118400
c4c22a2436437abb8c18970aecea42,8f66c4cdc058fb0ebfb52d9528bab4,tdone,1678136855.0,1678118400
7458db3be5418c98d5c5acc277855d,8f66c4cdc058fb0ebfb52d9528bab4,Kev,0.3,1678118400
237050875a4f4d99a0f512e36c28fb,398f5f256ce3618d7eac72e446fd262a,Qdesired,18.5,1678118400
9fe8fde2184c36ba47a80bae4fb7f2,398f5f256ce3618d7eac72e446fd262a,Kes,0.2,1678118400
78008de66d4f899f457333188a516d,700e321fee291fc7446fb5ff49cc6b9e,Tmin,69.0,1678118400
c52b4970da431e953b183b30ccc108,700e321fee291fc7446fb5ff49cc6b9e,Tmax,74.6,1678118400
d52a541f0b468e8d5c151440154e2d,700e321fee291fc7446fb5ff49cc6b9e,Tdesired,71.1,1678118400
6099a6f8564f298b6cff2da6c701c2,700e321fee291fc7446fb5ff49cc6b9e,Khvac,0.5,1678118400
ed0adc429143468cdfd0268b6ebe6c,298229f40b2384d95b1fd68f7f58be10,Khw,0.5,1678118400
de3a9cee5c4f5c841f9893aafb7e3c,68d7c10777987d282e2f12db7afd7a4a,Qdesired,21.3,1678118400
e8002048f4422da5a819927f2d435b,68d7c10777987d282e2f12db7afd7a4a,tdone,1678137752.3,1678118400
ffe414d119431abe2ed4e5e870db4f,68d7c10777987d282e2f12db7afd7a4a,Kev,0.3,1678118400
6eb94b026f4f8f9a148ab4f612b383,4a4b6d1607413371247aba63450ab5b1,Qdesired,34.2,1678118400
4fadf37e9a49eb815beda3cdba2faf,4a4b6d1607413371247aba63450ab5b1,Kes,0.1,1678118400
dbd97eeacd42f1a0a131d65307ee05,6393670b3476bec3201c13f060bc0925,Tmin,70.0,1678118400
04d165d8d8438e880440bd77355900,6393670b3476bec3201c13f060bc0925,Tmax,77.3,1678118400
cf456cb8c14a96bfbd31ba44d6e76c,6393670b3476bec3201c13f060bc0925,Tdesired,75.5,1678118400
b72ee9f0cd476591e48951bd78cc2e,6393670b3476bec3201c13f060bc0925,Khvac,0.6,1678118400
35c96736b1470687cc220266653a85,4128dc881b84316877d4d8e7a0db2bf8,Khw,0.7,1678118400
9e99fe421f455eb9ef8c7df6aac689,3664e4303e5194e31bf7278b32b43fcd,Qdesired,31.7,1678118400
18fcabcd914190acc6f3edce17b610,3664e4303e5194e31bf7278b32b43fcd,tdone,1678129457.0,1678118400
cedbb3a2fc47f8b5b777c97b857f5f,3664e4303e5194e31bf7278b32b43fcd,Kev,0.1,1678118400
1e18cb5f1e4e13a74c3defa3045b53,1f1a5d11ef8bb17a7a72bd349cfe30d7,Qdesired,21.4,1678118400
cc041c5f5043d1a438215e34f68ca6,1f1a5d11ef8bb17a7a72bd349cfe30d7,Kes,0.7,1678118400
af15b493404e3fb6dc141fee326933,4bc71150fd9e5e76353f92dcf80bdc3f,Tmin,68.2,1678118400
0c4ebac3a54b759359ab32c4795860,4bc71150fd9e5e76353f92dcf80bdc3f,Tmax,75.3,1678118400
4ef6b0672842e487fcbadaa51427a3,4bc71150fd9e5e76353f92dcf80bdc3f,Tdesired,68.3,1678118400
d072951f7545f7ae9d3a5956999770,4bc71150fd9e5e76353f92dcf80bdc3f,Khvac,0.3,1678118400
c4b807dcfc470b9db0ccab16e5b193,1f0f7066a62b78a67221cbe1a531b92,Khw,0.7,1678118400
81d753fd34403fa87dbf5a0d00e4e8,12157c8df69f436543e59e4196b2f1d8,Qdesired,30.1,1678118400
51dcd6d12a4cf9aa777399ea3ac9e7,12157c8df69f436543e59e4196b2f1d8,tdone,1678130056.3,1678118400
50824586b54543b6b54eae8517a0bf,12157c8df69f436543e59e4196b2f1d8,Kev,0.7,1678118400
1bed6565ab49059682917847c993b8,7db43c8751bd07cf1305c901ac9aa7b6,Qdesired,32.2,1678118400
cadb5fd7924899b26072c8a12c95fa,7db43c8751bd07cf1305c901ac9aa7b6,Kes,0.3,1678118400
a1a80d1f5f4f1b9dd45282f61ab3cc,652772a4f259ab0b2f35c8dbd54ff71e,Tmin,69.0,1678118400
2cc1f8ac6043afbe1adf93fc122266,652772a4f259ab0b2f35c8dbd54ff71e,Tmax,77.0,1678118400
393ece31d748e78530b6c658d527bd,652772a4f259ab0b2f35c8dbd54ff71e,Tdesired,70.8,1678118400
be27d8caae4ad5aaae88fe189bcca6,652772a4f259ab0b2f35c8dbd54ff71e,Khvac,0.0,1678118400
ae01c66f694f83a96642177d395035,1a97f835a2892e493275db8f4cddd52d,Khw,0.5,1678118400
57bde9761d4110b2a42382b776ccb7,3c407688284aef8e4f8c021735caef88,Qdesired,17.0,1678118400
70e744bc214c94a2eb0b26a6304da0,3c407688284aef8e4f8c021735caef88,tdone,1678127083.9,1678118400
0df989fe2f4de2a18b3017a4076b8b,3c407688284aef8e4f8c021735caef88,Kev,0.5,1678118400
e56b71b4914c41b279251b253d4eeb,1c8df40a93b8a984139d60a9c3e67287,Qdesired,36.0,1678118400
93fc099c0448e9a2aee86565caf879,1c8df40a93b8a984139d60a9c3e67287,Kes,0.5,1678118400
8bbbe102c54be2a5e260d338dd9a7c,3f59823950e56bde28a69296331065f,Tmin,71.1,1678118400
9d9a9fbef94a7baf840ced53ef7bba,3f59823950e56bde28a69296331065f,Tmax,77.0,1678118400
7bc7d2978d4589b0cc18d5ba6a3894,3f59823950e56bde28a69296331065f,Tdesired,76.0,1678118400
01c08db44e4f68b29433c90001a888,3f59823950e56bde28a69296331065f,Khvac,0.1,1678118400
b473d6d8474ebbbea6a9d863daf045,3a9bf138d79f4e0a195ef6956391cfd4,Khw,0.8,1678118400
27478231e04e189e0db6320734a851,47ef1661edd42024525224d56187b91f,Qdesired,39.0,1678118400
c846627aaf4400b06c9b18fd57d2fa,47ef1661edd42024525224d56187b91f,tdone,1678143382.1,1678118400
13571bb5d24ff094c8348b9960500e,47ef1661edd42024525224d56187b91f,Kev,0.7,1678118400
be69b450cc4a7bbe31901b3e7b3318,2520046d744a931a3e3419fbf9868d94,Qdesired,14.6,1678118400
5b7145aefa4d199885f135d300a470,2520046d744a931a3e3419fbf9868d94,Kes,0.6,1678118400
e9dee6a00049ea818d3ea4cb92e94d,7a7b97d798433c4e3d8507c3c1b23486,Tmin,68.2,1678118400
d8e5eb8fef4c88b50d57773f3821da,7a7b97d798433c4e3d8507c3c1b23486,Tmax,76.6,1678118400
f82b031e024d22ae8d382f3ff80864,7a7b97d798433c4e3d8507c3c1b23486,Tdesired,70.4,1678118400
b06b8106024a70bb85b095b4211cd6,7a7b97d798433c4e3d8507c3c1b23486,Khvac,0.1,1678118400
393e809f504ceeade5b3ac12daebb3,7b0af3cc6f749703ba3a98ad9ac1f60,Khw,0.8,1678118400
00064aa00f4400a10f642e3a392264,56a94439c99af4f02856797d06f1835,Qdesired,15.4,1678118400
0a0643b3304d738111a52f13881bf1,56a94439c99af4f02856797d06f1835,tdone,1678147094.1,1678118400
d704bcc368481698e8e0d7bb30edc4,56a94439c99af4f02856797d06f1835,Kev,0.3,1678118400
61b172fea24b288819805c6baa1cc1,57426dd08e8f48e67fe00d3c72f4117f,Qdesired,26.2,1678118400
c6431867e54e3e955647dfa16371c9,57426dd08e8f48e67fe00d3c72f4117f,Kes,0.6,1678118400
386d0fca5c4d8897d3b715ccf38b97,1575a10157772752dbc4f0f0a61cf5a,Tmin,69.7,1678118400
b91c98277747fbb64257e73d2c9eb9,1575a10157772752dbc4f0f0a61cf5a,Tmax,75.2,1678118400
b4b014e65d45908b22168d484d8c15,1575a10157772752dbc4f0f0a61cf5a,Tdesired,70.8,1678118400
47d3ebdbe04ce699021f7d41ed71c2,1575a10157772752dbc4f0f0a61cf5a,Khvac,0.3,1678118400
4f6d70c40f4f73b55aea37e6e0051f,30537a4d8f3f2841104ddf3714ec5efe,Khw,0.2,1678118400
322564ba2f449e808c127612056893,2d4a323bbf150034f66856b1431fe1f,Qdesired,38.1,1678118400
8625e256dc405692ac283c6b8651db,2d4a323bbf150034f66856b1431fe1f,tdone,1678139202.8,1678118400
3402b7d6974f28851ff3c098df6b73,2d4a323bbf150034f66856b1431fe1f,Kev,0.0,1678118400
4ed623bee547baadbb070be681f16e,1d72e0d6811e9fb4146476df60b5e787,Qdesired,18.1,1678118400
5a0163375e48b2a46907cf6b84385b,1d72e0d6811e9fb4146476df60b5e787,Kes,0.3,1678118400
ed8fd3e94d461095946c524080addc,1d48001660ca6500aa0476a08a8c9f1,Tmin,69.1,1678118400
12366d35d8485680e3ce71e348120f,1d48001660ca6500aa0476a08a8c9f1,Tmax,74.1,1678118400
6564198a42487191f7d3e073292623,1d48001660ca6500aa0476a08a8c9f1,Tdesired,69.7,1678118400
463643b5be46bba92f79fa45f29578,1d48001660ca6500aa0476a08a8c9f1,Khvac,0.9,1678118400
ca2c3200ad4603b1efa78ec4296a63,7516e9e34cd243a529bcc81353b9f011,Khw,1.0,1678118400
1a4bfc400846b3b3aa797ef3769860,71cd7cbef02a6489243c7ff023f9baee,Qdesired,31.4,1678118400
33ff2444a74b9ca317cbb2df343083,71cd7cbef02a6489243c7ff023f9baee,tdone,1678137608.0,1678118400
f4914e4e8d49208f8980593c29e729,71cd7cbef02a6489243c7ff023f9baee,Kev,0.2,1678118400
154187e5664ac19be9a07e67b60ce7,622659b9f95c84da4ec02b0deeae0465,Qdesired,13.9,1678118400
5150b2e52b41f39a7ff22f2e5a5ff2,622659b9f95c84da4ec02b0deeae0465,Kes,0.8,1678118400
98c57f690e419ebf9de134f8a96cec,d5f3571a10e619b551150dda603a58d,Tmin,71.1,1678118400
4576c591634b12bd9fc633be72d640,d5f3571a10e619b551150dda603a58d,Tmax,74.0,1678118400
0d77d5933d406fb5d8a8004c305fac,d5f3571a10e619b551150dda603a58d,Tdesired,71.2,1678118400
e20723b38b4985840336bca6b6a6ac,d5f3571a10e619b551150dda603a58d,Khvac,0.1,1678118400
b83973934949dc85108dadcf03aa48,3df54ea0e3e8f95e46b652e82f7009b0,Khw,0.6,1678118400
33ea98f4c94d35bc5cf0190a8a2c9c,621ee465fe5fc9b328614dfb3aa1b260,Qdesired,28.9,1678118400
c8f39c3eba49d6a8366cf01bcdf1b0,621ee465fe5fc9b328614dfb3aa1b260,tdone,1678144823.8,1678118400
debe8aefd04952855363cf65f68438,621ee465fe5fc9b328614dfb3aa1b260,Kev,0.4,1678118400
5f3faea7754634ab04b207fa9abe5e,761d456be2b0902716c17b59684be382,Qdesired,11.7,1678118400
500072118a4e69b29257b62d0e3b8b,761d456be2b0902716c17b59684be382,Kes,0.6,1678118400
984ca854d84de59c0c7c8714b9d0cc,30db7281dacf9e341beb6eab4a3947b4,Tmin,69.5,1678118400
182522b41549058e9c8f9b7199bdc6,30db7281dacf9e341beb6eab4a3947b4,Tmax,76.0,1678118400
9c2cd210614d37b1e9848810d2eef7,30db7281dacf9e341beb6eab4a3947b4,Tdesired,72.7,1678118400
49e2bb0691435baafd30def076208b,30db7281dacf9e341beb6eab4a3947b4,Khvac,0.3,1678118400
38c2361f284a62b7547c66600b6853,466271a62f6b19e650732779f2b002e8,Khw,0.4,1678118400
75203ec90740d999cd72bc1a2fbf53,53ebc23b7022ea564c58ec2a48fea589,Qdesired,29.5,1678118400
28f7ecb4ba41b49d43f9cb5872024d,53ebc23b7022ea564c58ec2a48fea589,tdone,1678125909.1,1678118400
90837ab78040cf8921ebc3b228fa22,53ebc23b7022ea564c58ec2a48fea589,Kev,0.6,1678118400
9dd162c75a4da0aae8d585a10f4bc0,57b150bcf9c6783b2b922e54d0d1daec,Qdesired,32.3,1678118400
88c69fa469489680161bcfac6d7350,57b150bcf9c6783b2b922e54d0d1daec,Kes,0.5,1678118400
c80d2702764a3299d9fb7bb11f770f,54e836f385a12105159784fe6fb3c234,Tmin,71.1,1678118400
7f03d896f741c18e95351f2383701b,54e836f385a12105159784fe6fb3c234,Tmax,74.6,1678118400
ce5b4247294bd99e548e2943a1f9e9,54e836f385a12105159784fe6fb3c234,Tdesired,72.6,1678118400
49dafd900742e8b12a4dfadd549bbd,54e836f385a12105159784fe6fb3c234,Khvac,0.4,1678118400
f0f28cff3a4b09a001186923e99e56,26706939a69314e765b2c310037b6113,Khw,0.7,1678118400
d16383ef2847b8abfd1b1756cc4e20,4d7155d55a01b0e773d56f973c0eec1a,Qdesired,21.3,1678118400
da00b73e7b4b819dd25fe8254fae44,4d7155d55a01b0e773d56f973c0eec1a,tdone,1678143386.8,1678118400
dc4aed90734c0ab4cc236a5b23fb16,4d7155d55a01b0e773d56f973c0eec1a,Kev,0.3,1678118400
65895e03f045b09720d036e2e313b8,2b24017403c418d73b4829372f9c5b43,Qdesired,32.6,1678118400
0f77c55db349cab777806aa8e12696,2b24017403c418d73b4829372f9c5b43,Kes,0.7,1678118400
c2e7a8012d4fcd857419718d8588b9,1c0c17cb1161630b7e9b2883ab9e92cc,Tmin,71.3,1678118400
32665f34dd429eb996b3bae4940297,1c0c17cb1161630b7e9b2883ab9e92cc,Tmax,74.8,1678118400
41fa2742fe4b439d51415c8846ffe7,1c0c17cb1161630b7e9b2883ab9e92cc,Tdesired,71.4,1678118400
8aee4bdb6b4e659a4d893125b167fd,1c0c17cb1161630b7e9b2883ab9e92cc,Khvac,0.7,1678118400
98902fbf1d4dceb57f20dbaa5ce50b,61a4c2eb1e45cd9c52c75735a18ba4b7,Khw,0.2,1678118400
af116cb55f48c09efef2aaa0c0b816,7510d738bec0776cd2ba66574f82a1,Qdesired,19.1,1678118400
19c699f5bc42fbb7eba8f6a5a4faf5,7510d738bec0776cd2ba66574f82a1,tdone,1678124162.9,1678118400
a6b743b9b648c1bc80198dcdd5c07a,7510d738bec0776cd2ba66574f82a1,Kev,0.7,1678118400
8153a3d15b441a8324f7490d875fef,33ef3975e9a1a0935f7a6b74d061dc80,Qdesired,20.2,1678118400
6760e12fe04e36903e2283ac7267d8,33ef3975e9a1a0935f7a6b74d061dc80,Kes,0.4,1678118400
bf43fd43574194923e008de5bade8f,4274d08ccd6d5de32d2aa0036a4cfcdb,Tmin,69.9,1678118400
a82671cbb74efea9c3c8c183d1a31a,4274d08ccd6d5de32d2aa0036a4cfcdb,Tmax,77.4,1678118400
910135a2954b04ba647584aff7fbe7,4274d08ccd6d5de32d2aa0036a4cfcdb,Tdesired,77.4,1678118400
ebf2f8416248ada27b845df5ab7413,4274d08ccd6d5de32d2aa0036a4cfcdb,Khvac,0.8,1678118400
f22c0dcf634039bba07e3315e6b362,3ec367b48e59510a56ab0a34388f8a18,Khw,0.1,1678118400
f1f122a99c442b918954443356cc30,2759e81b8280e81063a07274e2e5b21f,Qdesired,15.0,1678118400
1f3b6cbf41459394915e31d1758ca3,2759e81b8280e81063a07274e2e5b21f,tdone,1678134592.9,1678118400
e550a90edc4b1eb00c4c14a5eba567,2759e81b8280e81063a07274e2e5b21f,Kev,0.7,1678118400
97c3a9ccc744b3b020acd6747150d1,1f18c3daf74fb0a4ec6fc65b759a2de,Qdesired,22.4,1678118400
f45dd514fb4cc997880eb8a3a471ce,1f18c3daf74fb0a4ec6fc65b759a2de,Kes,0.6,1678118400
