order_id,record_time,quantity,valid_at
8b123b2e534f8b8158dd309f9bd728,1678118400,-0.00632034,1678118400
adefa23d2c4f0e84c1ac3371c98ae4,1678118400,0.0081311,1678118400
ef91fb006240849d535c97b89652be,1678118400,0.00732758,1678118400
cc41f5aca34fa69c38ec999b6af923,1678118400,0.00650322,1678118400
53c26b1c3d447e8e3051f38597a601,1678118400,0.00796242,1678118400
b309a524984cd2aa069206d1d10721,1678118400,-0.00812828,1678118400
be810469d341779021ad02f9a7a0b1,1678118400,-0.00647858,1678118400
40450d4fe0455da1d144c1809a4b62,1678118400,0.00912323,1678118400
a1f4f31ed342e694a16a1875afb2ad,1678118400,-0.00638817,1678118400
4b3a365eaa4abf902fb9825849d147,1678118400,0.00625015,1678118400
cc0e6ac6eb488b9e886acfca94eafb,1678118400,-0.00758965,1678118400
514bfe4b8b4c4a9932b448ba1df42b,1678118400,-0.00736847,1678118400
80332e4f1e40a89f7001e6a08779c5,1678118400,0.00666389,1678118400
63f1a5cb9f486594318602e2547356,1678118400,-0.00769691,1678118400
494cb9770d43f1ba9de546813f781d,1678118400,0.00668213,1678118400
e21e9f39f74b36914966a28bf943a3,1678118400,0.00636909,1678118400
df45fb5fa64b72bcad78fd52ed1c65,1678118400,0.00840088,1678118400
fd369cf41b43828039ea384db01831,1678118400,-0.0088504,1678118400
044bcff2114c3890a1053f992217d0,1678118400,0.00585114,1678118400
72286955924efc815254d4f7157007,1678118400,-0.00704269,1678118400
85d380577048e4b3e4af07bbf8dab4,1678118400,0.00729721,1678118400
385a690c3b4ddc881efe8c11d34701,1678118400,0.00732742,1678118400
d2d07b7aa447099acb3a7990e3af82,1678118460,0.0459854,1678118460
79c4f238b549f89654a1d688135451,1678118460,0.00888138,1678118460
08911663db4ea1874678b5a6507304,1678118460,-0.0074115,1678118460
f53118d1054087a3cccf3aeede937a,1678118460,0.00757271,1678118460
634942669741f2b15ff9c0a1e94113,1678118460,0.00890236,1678118460
1c0837c6aa44b986ee52e443412e1b,1678118460,-0.00711769,1678118460
0cb1c4000449b58806c0fa5831b129,1678118460,-0.00635559,1678118460
97997bd3a5442abdb50ebbc29450be,1678118460,0.00761078,1678118460
7804adcf14490a854787c953ca3ca4,1678118460,-0.00888779,1678118460
c9a0e18bcb456f85433ca401ed43d4,1678118460,0.00711494,1678118460
5b0bfa9343400c95e342bd2e6021bc,1678118460,0.0488815,1678118460
8a0b91cf7f45c18432b41f9d0a2e5d,1678118460,0.00622971,1678118460
064f0aadb6471fae970d0ee87aa602,1678118460,0.00665146,1678118460
20b6b2bdd64878a3c7a3bdcb5ea59d,1678118460,0.0393082,1678118460
00cf3d15f949678a96fc9180e8a537,1678118460,0.0873245,1678118460
2bed5b58e2436aa01364373910c46a,1678118460,0.00610771,1678118460
c8f78353d2416da0b6004890db0b11,1678118460,0.00775406,1678118460
8a61f7acd142a6adf4adbac4a32c4e,1678118520,-0.0066082,1678118520
e23690fef2438bbb4eafcda00772d1,1678118520,-0.00875053,1678118520
47fb0b13ad49afafba3fbe0ec422df,1678118520,0.00706375,1678118520
afd0f2cf274bcf95c647e6df8a325f,1678118520,0.00745132,1678118520
fdf4cb5cff4e7dbb81b4d76966f403,1678118520,0.0474548,1678118520
0ae6288407413b871ddc3bb6f8c95c,1678118520,0.00711349,1678118520
29a15b05214a528bf8106ed738b43d,1678118520,0.00743179,1678118520
7558bf6a624398a414659dbc47fc85,1678118520,0.00622391,1678118520
9e14a1174140d699f39f77b779f173,1678118520,0.00865509,1678118520
355753b84b41b085403f7809e56b45,1678118520,0.0253067,1678118520
a3f61e4b3344c39dfd532a44a903ca,1678118520,0.00768288,1678118520
180698677c406cbc55b04442984cb0,1678118520,0.00828247,1678118520
5c33b969544b95996d532337f19b98,1678118520,0.00828964,1678118520
942879c46348678c4d05642cc13d3e,1678118520,0.0061982,1678118520
8ba1c39acb48f68a9e1b96a0552701,1678118520,0.00935516,1678118520
d4f9b3f87c44338c5cec2a208d6247,1678118520,0.00659508,1678118520
69877480c34f32a3a86e2a19034436,1678118520,-0.00689804,1678118520
a364f3d2094af2a9fe0b20a922ea6c,1678118580,0.00867279,1678118580
28cc11490949c48cff45c4f0763b1b,1678118580,0.0084864,1678118580
a1b18422d84bfba0b34a1e46fa2c6f,1678118580,-0.00909126,1678118580
4c7a78e1134cbc84ae03f8652e5ec4,1678118580,0.00574646,1678118580
df091983864dd18e0bc6d250b98348,1678118580,0.00631721,1678118580
b8c396782547f48b60d215d89632b1,1678118580,0.0523499,1678118580
9ce79fbce8483b864a5c51adb5759c,1678118580,-0.00876228,1678118580
da5a02a74245cd9f96b040be79b33e,1678118580,-0.00652702,1678118580
3bff633dd4488a8e19d4108b0170dd,1678118580,0.00690796,1678118580
67b4ce7ac34a6abfd126db7227b61d,1678118580,0.0292648,1678118580
bf35de3265468889da9378c76f3843,1678118580,0.00880692,1678118580
ae00fadbce4c31b954da9f106b38a9,1678118580,-0.00689911,1678118580
f3605595ea477799e59ba41b827536,1678118580,0.0415405,1678118580
83dcee724849aea1af0322f618e96a,1678118580,0.00747215,1678118580
004415025d48cda54c8fc68c4da526,1678118580,-0.00625931,1678118580
5d3bd0f3424e739027215962202a8c,1678118580,-0.00639618,1678118580
77931b1cfa4d1a88c289672e35ab38,1678118580,0.00932526,1678118580
9bf13e892e4392b251745a44395357,1678118580,0.0212234,1678118580
2afa1c0af045c1b61db01dadc96794,1678118580,0.0293106,1678118580
9975c869b04c8ebfc4d2fc7c51f2f1,1678118580,-0.00907784,1678118580
f3154b2f8b4b909bad6bef82c0641c,1678118640,0.0420654,1678118640
5fe92b14374b90b5c66e1fa643118a,1678118640,-0.006866,1678118640
08c60ab8b9495f8f719c6cfdbe35ff,1678118640,0.00855675,1678118640
879a8829f34bcc9f02122728b29075,1678118640,0.00530273,1678118640
c814ce0aa94241bcb84e8c6e746352,1678118640,0.00728645,1678118640
166aed04da41bda6d8d8b1929ae754,1678118640,0.00668999,1678118640
f2ddecf1f041de8ad7d7600b3c8099,1678118640,0.0280991,1678118640
847188205d4db88ee02087eae187dc,1678118640,0.00750687,1678118640
bdc761d3884cfdb424d243a4cb96bf,1678118640,0.00618515,1678118640
9061c36dca43dbb927e540f6f34f90,1678118640,0.00569138,1678118640
3865e55b94444891c6b7770c17cdde,1678118640,0.00688652,1678118640
0d110aa6654b40b9dc8619911ab4ce,1678118640,0.055719,1678118640
1ac279d63842648df5efc0b3a06068,1678118640,0.038533,1678118640
9c9310856c4f4ca919212b19bfafc2,1678118640,0.00751305,1678118640
d1b7ed7d51452fa373f11a4c51368e,1678118640,0.00767105,1678118640
6de2fc00f441ab834fc9226c9fc7c1,1678118640,-0.00756035,1678118640
d9003982ea45f196892329d539a1dc,1678118640,0.00756622,1678118640
43b2eeec79426d96a46741c92ca5ef,1678118640,0.0460892,1678118640
38aa7f422e494ba0686bd7b47076af,1678118640,0.00743416,1678118640
11b5f17c0c4a08a06ae6b68c49e965,1678118640,0.00837852,1678118640
1bc53ee2714aaa8894eb04cdf782cd,1678118640,0.00826508,1678118640
df7d2d843745dcb9887181a4f57479,1678118640,0.0416885,1678118640
f61d80928c48fbbe92e8b3cf1414a1,1678118640,0.00800064,1678118640
389f20d4e7427887b115ac11da70d4,1678118700,0.0121994,1678118700
ee46b5f7d441fb84d4234fc6a5a4ce,1678118700,0.00780579,1678118700
b14d8efc4b4376bd8b013d86c45572,1678118700,0.0189423,1678118700
037494dada43b986ec2b872c25f46d,1678118700,0.00743332,1678118700
557e82a2674e91ac92aefe6dcbedae,1678118700,0.00602943,1678118700
6cecfed4aa404da12c0a5b27bc5546,1678118700,0.00623405,1678118700
54ef49f548484eb5899faa331a10c5,1678118700,0.0572922,1678118700
b5ebf7506b4520869487726172b04d,1678118700,0.0312836,1678118700
5f46307c484d7ea31b142630d08ce1,1678118700,0.00735298,1678118700
8eb7ed665b4c4380be44533dfac941,1678118700,0.00893013,1678118700
426e4c7fc74a68bedc46b92eba57a8,1678118700,-0.00697685,1678118700
87b5faa2c248dd891598ce3d4c6188,1678118700,0.00778458,1678118700
f268f4435543b6b11e9ee99ffbd47c,1678118700,-0.00809486,1678118700
742c3c340a4fac94da90fb51414613,1678118700,0.0697815,1678118700
a63529650e4e9393c68c30cc6e0e98,1678118700,0.00753738,1678118700
b82711336a4d0c90bb150456e7b163,1678118700,0.0656174,1678118700
fe306721f1494f83ec07e37ed80412,1678118700,-0.00839882,1678118700
6c1c3ffb09499fb79fc1734d0d9402,1678118700,0.00716148,1678118700
d8b20b67184c7d9f5ae5ab69ababa8,1678118760,-0.0063076,1678118760
119e503e034c789154a0e609dd48a7,1678118760,0.0702103,1678118760
7c2519b0fe406fa33cfaff5b6fc4ff,1678118760,0.00833954,1678118760
2b33865ebe404db3b8018bb9a902bb,1678118760,0.00784889,1678118760
00cdd0bd334cec93fcbcb0f69acc29,1678118760,-0.00808838,1678118760
c7f892750a40bea01a810c1f519561,1678118760,0.00696259,1678118760
6356679add4de3b7efa8bf8157f175,1678118760,0.00734673,1678118760
8b889350694120ad1d1679ecffd1ce,1678118760,0.0399063,1678118760
0f5284d1d840c4813e3cf0033d3423,1678118760,0.0387283,1678118760
4ea1eeb6be420a95402ad51f239520,1678118760,0.0770355,1678118760
6358eaa07f45b7858ae2c4d4d09046,1678118760,0.0344315,1678118760
ea2f66dccd4b1695415426b3590c40,1678118760,0.00805504,1678118760
0cdb1238b043e4976ed67c67fe4028,1678118760,-0.00849083,1678118760
0d6c3ea07949a3b4bb047a0b8e31e0,1678118760,-0.00756355,1678118760
9cd85d1b3141e8a9353403a94ffa7d,1678118760,0.00702072,1678118760
3477f8ca5049579d1c843cc092e427,1678118760,0.0167526,1678118760
6786742fed4eebbb0b19942ed593ac,1678118760,0.00792282,1678118760
be180802064289a84a5d77085685de,1678118760,0.0338333,1678118760
266c3dcd31415f912edeadca92467f,1678118820,0.00837219,1678118820
e9e1718dc14db1a02cfc0a33d59fa0,1678118820,0.0743393,1678118820
f04f63f73a4fa8b456ae7f7c0ff39b,1678118820,-0.00914101,1678118820
f8fa699de4437c836d99fdfa8643aa,1678118820,0.00612038,1678118820
eea805c4364a32bec59ce1afc82a4e,1678118820,0.00725945,1678118820
afab5923794821b92952f8ad7970ab,1678118820,0.00827454,1678118820
dda6e80b7d438b8d863d860d7684e1,1678118820,0.00790947,1678118820
3b8f2e4e3c4914be643ee9937c7a81,1678118820,0.00755989,1678118820
f0861c73f44501af6ac07a3b886d71,1678118820,0.00751717,1678118820
d13261433d4d77a480fb6253cdd197,1678118820,0.0067424,1678118820
51ad53f4364019880c24271455db07,1678118820,0.0488708,1678118820
a503283efc41a9ac127841e3b06bcc,1678118820,0.0793808,1678118820
dd45159ca944debe4cfadeff9cead9,1678118820,0.00650429,1678118820
b37cb2faf64ec3b6cee964ffe9e33b,1678118820,0.00786995,1678118820
216df304e34d1d86499f654e9aeda0,1678118820,0.00858521,1678118820
315c0faf534792944cfa658764ee02,1678118820,0.00714333,1678118820
8f943f968442f38a63142709f6b075,1678118820,0.00833504,1678118820
f8cbf297264f99b8c1c41504dbd68c,1678118820,0.00656616,1678118820
269dc0ec5b48a28c3485e6cc7dacce,1678118820,-0.00916351,1678118820
918855149445359adf65cf2846b337,1678118820,-0.00878578,1678118820
6a0d40ddc04c08a090fadcbc2bb317,1678118820,0.00719818,1678118820
dcfcd4888847bf96de1a65246d59a9,1678118820,0.00784134,1678118820
12cb8c8db346c8b0af3858ebe5927f,1678118880,0.00618904,1678118880
6dcabe8a17407194e1da3f0525c716,1678118880,0.00689308,1678118880
12499ca9b14e6f90f89885a17c5c29,1678118880,0.0531387,1678118880
9c517f04654687b1ff5f35f55677d2,1678118880,0.00584778,1678118880
de7934a1be46ef9c6321df41ff2a80,1678118880,0.00648338,1678118880
042579479c478b8c5ae7639dc0a51f,1678118880,0.00823135,1678118880
36eccb341f416499f5895885cc1f2e,1678118880,0.00790863,1678118880
d7df60cec14920a07e7c0be5a876cb,1678118880,0.0130692,1678118880
fdcba3327347dc98f16ef2807843de,1678118880,0.068869,1678118880
4a7753870349f0b5e9738913b2f595,1678118880,-0.00772858,1678118880
95a41f748845638a4f1dcad912d68c,1678118880,0.00839035,1678118880
f9f38ebd0e4979b4bc7e827ece9fe1,1678118880,-0.00903549,1678118880
8ed7c614a94f1998da74af4a96392a,1678118880,0.0076107,1678118880
b9237026c249c199c3ec007b4bde0a,1678118880,0.00758904,1678118880
a82f92b6bf4413a7f15b7b450a34d7,1678118880,0.0323669,1678118880
d0bc6a29424cc39b01ceeb9ab4f1f8,1678118880,0.0427322,1678118880
707bada5d248de8f13c964365f1108,1678118880,0.0097963,1678118880
0e17da88e6405bb671e2b5a9ea5ea9,1678118940,-0.00661644,1678118940
00a47ee7c0430bb3c1c94d9a212f3a,1678118940,0.00700653,1678118940
da462f90284081b388c4c18f310cac,1678118940,0.00806694,1678118940
a39ac71c5741478e23e817a14e40b7,1678118940,0.00802368,1678118940
2a67c55e9c4fa3966d82cb4803a55c,1678118940,0.00731682,1678118940
02ec0e13d94debb21b65a76c144e80,1678118940,0.00887596,1678118940
a0b879764e49678f0fc6097a96764f,1678118940,0.00851494,1678118940
95bb9783504e0c9c1bf244e119983c,1678118940,0.00668777,1678118940
d4706156004d8c87aed95b8a05f103,1678118940,0.00860176,1678118940
36b7fe85c94df1a66f57649e6e5dbf,1678118940,-0.0079792,1678118940
be6b16c425483ab87ce7a2ec4172c4,1678118940,0.00684029,1678118940
af5ae359c94ac896995c7de75a0e6d,1678118940,0.0606171,1678118940
29c3e6cc814518a48632e6ad360c63,1678118940,0.00775139,1678118940
eaa7288f204ae998d90728196d0ae7,1678118940,0.0260925,1678118940
0b4d0088694f2f9c1c3c0ef67021b6,1678118940,0.00738922,1678118940
d0e6846f8d4c24b128015707267a20,1678118940,0.0092794,1678118940
399c07386f4677a5c5ffe37be10638,1678118940,0.00774612,1678118940
b484c135744c17b2cce1946e8d7b0c,1678118940,0.00783455,1678118940
70fbf341074f70a8babf0d84b0ee88,1678118940,0.00828995,1678118940
dd8f6910ad4de5b43d4fa0704547ce,1678118940,0.0674561,1678118940
2190ab6b1a4e54b8ab6729525fd2b0,1678118940,0.00864487,1678118940
a128fed31843f9ba0bdd84c0278353,1678118940,0.00676239,1678118940
6377452129456bbae2e5cecbf3f92d,1678119000,0.00856377,1678119000
df4af6ba0d4652881946daddc32ac4,1678119000,0.00706467,1678119000
7aba48f0214f9e9587fda117c6105e,1678119000,0.00932785,1678119000
b724f6cc684a5c99684582f575fc67,1678119000,0.0466827,1678119000
22394913444e10840a3e0f786ba879,1678119000,0.00620689,1678119000
0078a1ba614ac9b0f5db2781c2e076,1678119000,0.00808113,1678119000
ee52a56ed748098ecadb125764f686,1678119000,0.00706001,1678119000
a70756c55447cc9a37f3696f7bf3d5,1678119000,-0.0072049,1678119000
e27c503d824b53bd4c1e1daf1e2f3c,1678119060,0.00810638,1678119060
7226450e2a4233acb3558a4a9a53ca,1678119060,0.00814644,1678119060
e6295e52044cd991500bb224e6983e,1678119060,0.00825233,1678119060
c543c9a9c24329a12f6226f9bec08e,1678119060,0.00790108,1678119060
49a8a03cf440038b2cd8677a3b080f,1678119060,0.00784302,1678119060
4eb1270a4f4aa99b6778a96d84f549,1678119060,0.0221039,1678119060
6e19db1132487d855411e6ca12af05,1678119060,0.00763588,1678119060
7ec1736ea24743862df133554c51fb,1678119060,-0.00791397,1678119060
1b3aca45574059b0c11ecb2cb684ba,1678119060,0.0726257,1678119060
65e600399c4d9eb734442d50edd2b8,1678119060,0.00698952,1678119060
f858ac05fe47efa94597659ebea5ba,1678119060,0.00831024,1678119060
8dd1b64f7e4b6e96f9d84c0228f9b8,1678119060,-0.00733551,1678119060
6fa3d4798b4cb999380a264dc3d796,1678119060,0.0619904,1678119060
ea0b9cfdf347a3bfd274180b12c9ee,1678119120,0.00697678,1678119120
eecaedf14045779ebdd2bff4ab9cda,1678119120,-0.00805023,1678119120
012a4bacb24e708abfcf58fb6af547,1678119120,0.028093,1678119120
9b53549ebe47c1b75a37d6525fc262,1678119120,-0.00860397,1678119120
69a5501d8e4abfaaad4ebb87bc8c09,1678119120,0.00659203,1678119120
7ad9b45ada46b2aab664ee57fd5ed8,1678119120,0.0461884,1678119120
58f17c05a841a588c06126ee6335f3,1678119120,0.0522736,1678119120
13050c03624f5cad264b05955f33b6,1678119120,-0.0074099,1678119120
49460db69649adb908e840b8028dab,1678119120,0.0460007,1678119120
61d89ee2df433d97dd5fd0d660cea4,1678119180,0.00915344,1678119180
a4b6b1f18b47488a650941b8bf070e,1678119180,0.00707062,1678119180
4d38dbe45c46b0b74e70ffd7b59305,1678119180,0.00707397,1678119180
9a6e471fec480f9e0e714f24775e6a,1678119180,0.0253586,1678119180
9292cb8a5448f69a2964057ba67fab,1678119180,-0.00707214,1678119180
5e648d3bae43d1a0cd2d509531531f,1678119180,-0.00822983,1678119180
12398ecf364baebdb3dfd9c658692b,1678119180,0.0395828,1678119180
deab7d96794abea770487263ae947c,1678119180,0.00948669,1678119180
98bb942b8142d9a5aa4a520f366696,1678119180,0.00714279,1678119180
2ec95c4fc44eaca13326ea47a33eb4,1678119180,0.00693573,1678119180
b7469d08154a93ae50d228f1b47c5b,1678119180,-0.00769188,1678119180
17e913caa044118952efb97d5c5db7,1678119180,-0.00595566,1678119180
fa062b80834f9faa4ba440b0f4613b,1678119180,0.00720192,1678119180
e181e0987d4618bfd05a023c806e64,1678119180,0.00555725,1678119180
3c9011f27740a38ec8e0170168bb79,1678119180,0.00823257,1678119180
882f2ab52946dd8d906d574f35f438,1678119180,0.00799431,1678119180
67dd486a884391b14de5f924fd80bc,1678119180,0.00671494,1678119180
e2a863c55b4685b85cf59c73577773,1678119180,-0.00803085,1678119180
27d1aa6f54496884cb916db3f9e810,1678119180,-0.00872856,1678119180
73d27c44984336a50a72170d57a659,1678119180,0.052182,1678119180
60c2821c3e40de96d2e2833071623c,1678119240,0.00689644,1678119240
9456d8c393445f97702a2f65e17141,1678119240,0.0637939,1678119240
4e9ee14012497a8f87bee761e79a88,1678119240,0.0114441,1678119240
c09d1b946f41fbb53f07d9a3f7c938,1678119240,-0.006437,1678119240
35a75f50384257bcd08aef66f4f360,1678119240,0.00659927,1678119240
11cf7b51314c6dbbd13e8625388c84,1678119240,0.0082972,1678119240
1f6707a5f1444e9811178a9c3dc656,1678119240,0.00755455,1678119240
845c0de9fd44c0975c62ed1289a9a0,1678119240,0.00887199,1678119240
1eafd9d0554e0ab47f7070a2554180,1678119240,0.00733238,1678119240
89d803dbc94ecfa0f1e62e90861118,1678119240,-0.00736946,1678119240
dc2b8660994e7eb32f23c7a9714b2e,1678119240,0.00795799,1678119240
31207f37e14168a54ea0274dd7a8ae,1678119240,0.0490967,1678119240
5daabce6fb4202a6ab15ede289ad81,1678119240,0.00619392,1678119240
31239a2d764ee7b1b3c55a3ffdcf86,1678119240,-0.00771675,1678119240
c6980ffa9f41a49f9d66be55ef2df9,1678119300,0.00756256,1678119300
ffb3665acf4cb0813f25cdb41d4d0f,1678119300,0.00789795,1678119300
d998d465cf49fb9e406583c7e8ca34,1678119300,0.00884789,1678119300
053329f2f0448e94d284773ee7e62f,1678119300,0.0487106,1678119300
1e1e66e25a41879228ea128e5621db,1678119300,0.00754791,1678119300
11184c5d594276a16301bf7e4fd784,1678119300,0.0502243,1678119300
362a933d76448c98561b7e35d141fe,1678119300,0.00757004,1678119300
12261fdcc64a019b2889adc0dc9861,1678119300,0.00958145,1678119300
181a3e81d649d1a95cf7b7311f5bf9,1678119300,0.0062999,1678119300
0aec84f6b44112915592520571ff37,1678119300,0.00739029,1678119300
7dfd41292a40f6be3b42a782000c37,1678119360,0.0269623,1678119360
af7a50466d42e1993f432f882285af,1678119360,0.00955734,1678119360
4194fd10a745e5babb0749d0278f19,1678119360,0.0090847,1678119360
e34ee024314bf388967f51737bf46f,1678119360,0.00896866,1678119360
2f9d3cd15945b2a9c6cb1ce3aba8d0,1678119360,-0.0086956,1678119360
20d56384b54c63a1d8f06b0c866a18,1678119360,0.00843124,1678119360
0d3b9542824e318be2ccaca7c55ee9,1678119360,-0.00839241,1678119360
1c7daf43a3442292cbb85c970a57db,1678119360,0.00783813,1678119360
83fd973a42465b90a2bf78dd0e2ef2,1678119360,0.00691734,1678119360
98562053f04c63b4edca63c607910d,1678119360,0.00744522,1678119360
48ad27ed1c492c83f01f8f642b9be7,1678119360,0.007855,1678119360
3603a6d058485ebb26981877bb6e5b,1678119420,0.00701828,1678119420
00ad4d8b9e4f659655054858985a56,1678119420,0.00730606,1678119420
c1bc42daec4adf8931948ef98af560,1678119420,0.0692337,1678119420
eca8b271c5401bb999d8c7c525cbca,1678119420,0.00650558,1678119420
d01b9480a746f1b33ae021be12ea80,1678119420,0.0756485,1678119420
1702a29f6f48549adc2da73ef1821b,1678119420,0.00873802,1678119420
8602279e1045b086f75822df49ae86,1678119420,0.00779861,1678119420
cc0ad988124cfe80e819ea99b10625,1678119420,0.00703072,1678119420
b24a6686184657998139dccd5b8864,1678119420,0.00680237,1678119420
08e6817fce409889ea66f83d63eb2f,1678119420,-0.00949554,1678119420
13d90ef906459985e4dc42843d2439,1678119420,0.0628998,1678119420
eae9929b8b47628295d47f643c6950,1678119420,0.00856613,1678119420
6c9ab4a71b4e94a7de1d5061734c4b,1678119480,0.00851448,1678119480
99956a5f114cec8eaa3ab5eb58cd51,1678119480,0.0320541,1678119480
a7ca41f73b4ce88c47fa5c921a7520,1678119480,0.00827431,1678119480
655e531d224170b78256c3815d6011,1678119480,0.00810936,1678119480
1ecee57c8247458a877c5433ee7332,1678119480,0.00661591,1678119480
1f86ba42a64f3992698ecf1bd129e6,1678119480,0.00676804,1678119480
56c833064b405d824bce3c77b4251b,1678119480,0.0141525,1678119480
3a12fea2364219b7de29554f8cacd4,1678119480,0.00598854,1678119480
566a58b85b482a97601ea5ae4ab0b0,1678119480,0.00753616,1678119480
d63bfd753347998ad983a660c9776a,1678119480,0.0074382,1678119480
ea4a78627148089b19e68d716ffb03,1678119480,-0.00714935,1678119480
d03487e21c4b61916510e5aa2ba8a6,1678119480,0.00809738,1678119480
8eb0369d314584a3226cce2cb84ed1,1678119480,0.0483795,1678119480
f121b9c46a44a6b82e6e74d499122b,1678119480,0.00853424,1678119480
e5ba6b93dd4154b95bf42433a96ddc,1678119540,0.00716415,1678119540
add026ebf6408097e362e054027a22,1678119540,0.00886276,1678119540
4e9a99fc9d4609bdd4f392aef296a6,1678119540,-0.00952499,1678119540
17d37065ce4da08489b3dc11e52553,1678119540,0.00860283,1678119540
7df77518de4148b6b61efae752ec61,1678119540,-0.00712219,1678119540
4711b73f6443c0b4861168854f7f44,1678119540,0.00806793,1678119540
6f2d47a2b34b769ee7c59dfdbf1b82,1678119600,0.0448685,1678119600
3163fca839447a9e0b18ed2cda96d4,1678119600,0.00900566,1678119600
45c68fac694d31a08418860b2028f5,1678119600,0.00790634,1678119600
99b0adcf5c4bf1b5d6a59fa4c8192d,1678119600,0.00646561,1678119600
416632c52a46a48cf378d4ee239f2a,1678119600,0.00666252,1678119600
a96e96eac747969a4e67c309227d69,1678119600,0.00650131,1678119600
af878c8d354d008816d3ffc5c4ca51,1678119660,0.00678413,1678119660
342b239584427bb0fad65b629357a2,1678119660,0.0079187,1678119660
a90af45e264c2ca2ab07a6e3d97f59,1678119660,0.00818756,1678119660
056b11de304103996acddacf3e797c,1678119660,0.00807907,1678119660
9d3bec9e844f88be932fa45c1ab120,1678119660,-0.00713379,1678119660
9eaf35455c4f0abaff68fcd863970f,1678119660,0.0076329,1678119660
c37c1c335c4d6ebf22fc855a0e6dfa,1678119660,0.00785851,1678119660
0a8a324d904a44a6afe987b637d500,1678119660,-0.00686134,1678119660
34a291d2414a549b066363fa8f7f35,1678119660,0.00765755,1678119660
ad4742e21845869f08429933ea08a7,1678119720,0.00686531,1678119720
126a579cff4d4bae33b44efe4f45f2,1678119720,0.00818893,1678119720
75b4dc4b534560ae5bd46296b7b777,1678119720,0.0320526,1678119720
58802b24844798b214a83ae5b0fc7c,1678119720,0.0713425,1678119720
239db7adb5451396c14c59a8b3b8ef,1678119720,0.0541138,1678119720
a99262047449e39a773e756a08e000,1678119720,-0.00784286,1678119720
ea17b8a7ce4c53bd20d0c0123953aa,1678119720,0.00819389,1678119720
7f3f01b55742c686d74c1c499f0c77,1678119780,0.00792961,1678119780
fc819e2da54ea78d9eed8c9200c166,1678119780,0.00790092,1678119780
848a451fbe46fe9287ad1f14a87796,1678119780,0.00872345,1678119780
c232ae6f4f498ca5328ebf84641e51,1678119780,-0.00768265,1678119780
f88b40243840159f1f67ec1a8a7084,1678119780,-0.00814415,1678119780
62c9ee08d44bf99e7c44e18b19e099,1678119780,0.00734146,1678119780
6ff2c3b4c640e5b3a4f7c42b9341f8,1678119780,0.00720078,1678119780
f00f45f64b450d96b0b8f8b9c9369b,1678119780,0.00668694,1678119780
64f112d09644f3bff5c1d38809b4ca,1678119780,0.00759956,1678119780
bd58887c354bd3b630adb6664eca09,1678119780,-0.00633232,1678119780
c1f6de47d141029485560f9ef37d80,1678119840,-0.00740082,1678119840
476cecf1e2499c8186a214273a9ea7,1678119840,0.00689339,1678119840
b19e8031234c4c8e7135ff2a7060c4,1678119840,0.00858284,1678119840
2b9a44d5f343bfa784f50d3bec29f5,1678119840,0.00709618,1678119840
d24c8779524cc1bfbef9db9ad38bb5,1678119840,-0.00717949,1678119840
46db5c18514a37975b65120f0a6e83,1678119840,-0.00762825,1678119840
7b241ef82d47569628325fab5528a2,1678119900,0.0514023,1678119900
a94e4621654aea880324452c2297ec,1678119900,-0.00601517,1678119900
1057661a364d5c89aebf503e30d6f6,1678119900,0.0871414,1678119900
560577cd844008b92ad6d8ffb0412d,1678119900,0.00798164,1678119900
b51e9738a241e5b0e2f9dfabba2eea,1678119900,-0.00685974,1678119900
62960928534ee8a50896a6749f60de,1678119960,0.00628975,1678119960
d770ebd10b48b5834886abdecea458,1678119960,0.00886192,1678119960
34752ea6374e13b7704f7203d2b73c,1678119960,-0.00839081,1678119960
742666dd634aa5b1568f204ad58424,1678119960,-0.00863441,1678119960
6e3c3d141347db9a6d83de0ae90c9f,1678119960,0.00828461,1678119960
9df3fdb3e4485894208e354cc70aee,1678119960,0.00703087,1678119960
0c31fe1eba46f0a129736a67e32de8,1678119960,-0.00820061,1678119960
00777c2eb049ceaa8610d1d8b9227a,1678119960,0.0698349,1678119960
5ad24636cc450a8ebc093c0653712c,1678119960,0.0081044,1678119960
b83a98939949d782aa0b7cf49dc8ec,1678119960,0.00812927,1678119960
f16e3b2f6741b29acee02cba5fa17c,1678119960,0.00691856,1678119960
d46f26927247e7a970c01d05f17808,1678119960,0.00724159,1678119960
aa0093612b4740b22fafd4dd1eeab2,1678120020,0.00701317,1678120020
8ee499a75e497893fc50704c77d004,1678120020,0.00677589,1678120020
63a71e21ad4f4bb232bdfabf85ae70,1678120020,0.00774719,1678120020
973c85f277410d89f900b7791696f3,1678120020,0.00624001,1678120020
851390cd8e40e5abfdde1ac93cc0e1,1678120020,-0.00806183,1678120020
11ff35afab425391f74234f7f3988f,1678120020,0.00889984,1678120020
6fb6b63ad94fc58628fff2e27530f7,1678120080,0.0500519,1678120080
4a31330a3246fd979c58282ed9a123,1678120080,-0.00806984,1678120080
43aaf4098b40bda58c4e9ca0198f41,1678120080,-0.00620056,1678120080
e60f496250443fa9b01b52abb68228,1678120080,-0.00654892,1678120080
57edfdd28441b8bfbda7c77e366c11,1678120080,0.0645081,1678120080
af08b1c03243b08b7b19a7148ef14a,1678120080,0.00739906,1678120080
0223939d7e4251a3b709bd78f2b8fa,1678120080,0.00733841,1678120080
d4fd949d2244b9aa8410685e9986d5,1678120140,0.00918037,1678120140
6037c3998644778d9c763b338a2a27,1678120140,0.0680237,1678120140
f997a3844b473a8218123e87a41e40,1678120140,0.00504509,1678120140
bca0de3f9345b98e139539119d3a6d,1678120140,-0.00611496,1678120140
815256fdbb4c10bc25c01a488540d6,1678120140,0.00637337,1678120140
57049c212a44a1a737d79f760b7283,1678120140,0.00626595,1678120140
141ee7e7214ff5ad4334df81ed94d4,1678120140,-0.00649101,1678120140
56b8bf0b1449e5ad455cb6e3f65d42,1678120140,0.00717331,1678120140
d50d9f13294cc7a12b19da64ebb156,1678120140,0.00770676,1678120140
5d7e8e5ae84fe3864c5c1b1b1ad56c,1678120200,-0.0059848,1678120200
ee9a8eff4d495592e92adce548fdd2,1678120200,0.00787819,1678120200
f6195a4713430ea6f6cfc856f55395,1678120200,-0.00942039,1678120200
a1548264bd47929979abf838f02870,1678120200,0.0791077,1678120200
7aa4a632274e49aec1f6bf3abc1d85,1678120200,0.00522415,1678120200
fb48a539c247589b2f2ab2ad51f3d5,1678120260,0.0523392,1678120260
366162ec744a90a4b45c1820a4b811,1678120260,-0.00862297,1678120260
a15e5d2aae4831879fa70c3f61cf9c,1678120320,0.00737152,1678120320
15b34918374ebf87a54c0be76d9e9e,1678120320,-0.00715378,1678120320
43e203c04e4cf1ae2ad767afd511f3,1678120320,0.00638084,1678120320
56c87b41534070afc38a9ae45cbc72,1678120320,0.0091597,1678120320
539946353a4462aa90f9c70e3d78d5,1678120320,0.00797676,1678120320
c41003671b4296a937e90f9c23f280,1678120380,0.042836,1678120380
8445d1228a4634b316d7689febfbea,1678120380,0.00823364,1678120380
2f677c44d84392b6396ef0d398aeac,1678120380,0.009245,1678120380
a9ad6e3c354ab38639d39d6af75a62,1678120380,0.00911774,1678120380
29577983314ff990ffaaa291ee5075,1678120440,0.00827309,1678120440
73eb4739054ca69ca842c8869513ab,1678120440,0.0132339,1678120440
563b89d360452e9b7278e6c307e452,1678120440,0.00829597,1678120440
69c6cfc52848c0ba65b09e67023451,1678120440,0.00565315,1678120440
6f6c19048e41df98a3ee5c522d0fe4,1678120500,-0.00953537,1678120500
fa038dfecc4cd799b3626606d8e52d,1678120500,-0.00840675,1678120500
f6ee0fbf4a44029d6e9689abe3f20e,1678120500,0.00845375,1678120500
6944d0df29485b867e17bc4f2795de,1678120500,0.0060247,1678120500
9a2f7762314538a8a24b340cd1f25e,1678120560,0.0289734,1678120560
5b92ec8214401fa177fccc97b4f7b4,1678120560,0.0834366,1678120560
a3fdf9aa1d4a9f97513ce560ffc724,1678120560,0.00837013,1678120560
ad3e007dea4f01a573354f97fe0695,1678120560,0.0087059,1678120560
86fdd4c2bb4965921f2b659ae9afbd,1678120620,0.0499435,1678120620
f87152a7a54a84955359188035b46e,1678120620,0.00883522,1678120620
06dced6278486cb51c08b3ce676e1a,1678120620,0.00668419,1678120620
1d88f6ab534fb3a26e884856f769e0,1678120680,0.00663216,1678120680
a2a5644eee48b695e5754b999596c8,1678120740,0.0828506,1678120740
80270c9f78485a86f956902287ebef,1678120740,0.00891075,1678120740
0b70af39924d3fb79094fd3b926f76,1678120800,0.00643814,1678120800
55fcef2b8e4fffb60f0d6affde1754,1678120800,0.0252731,1678120800
2b2c272f074e278f882f4cd0b7b13a,1678120860,0.0077803,1678120860
1da7d1c5864a8aa99c5a587f702283,1678120860,0.079184,1678120860
08612d9598497584006108f64a8cb8,1678120920,0.00603951,1678120920
78b3bf3b84406cba3d8eaa84f31b80,1678120920,0.00897057,1678120920
7266a55b9b472491b476cb914896f6,1678120980,0.00767609,1678120980
10272507294e54a664b2ad2e05b9b8,1678120980,-0.00680832,1678120980
f5ce0778d94027a3dced2b8058f764,1678120980,0.00785454,1678120980
967033e92a4101863c87e84646a7fd,1678120980,0.00826263,1678120980
a264ac4ef74757b088c9f85e898573,1678120980,0.00838058,1678120980
1afe5d93a541da8de428a5a87344d0,1678120980,0.00747116,1678120980
ada16c19f547fbb5a1ea65e6850982,1678121040,0.0077153,1678121040
dda57b612541408ecf0e46500a48cd,1678121040,0.00768639,1678121040
325886c79a405bbb73c0fc34ef4dfc,1678121040,0.00598343,1678121040
1edf628f194ca2a41918eb7f93ff5d,1678121040,0.00669769,1678121040
af8359e4e847b48fb23bc0c2da7591,1678121100,0.00768723,1678121100
ed56a793ce4de8a36fdde419510bce,1678121100,0.00569153,1678121100
8a60232f36482d944c4a6bcf20ac69,1678121100,0.00668709,1678121100
06b12f806d45078eb80b15a8743635,1678121100,0.00580284,1678121100
eb7f979d96459480c1468b4a0a792e,1678121100,0.00735588,1678121100
fae8a1ca6548a38ce1221940389e0b,1678121100,0.0879974,1678121100
9ebc5ae2be4ae88b2f61e0e362d7bb,1678121160,0.00895782,1678121160
ff9e6a62b84b978a45da05785f5a3e,1678121220,-0.006408,1678121220
7ad3d993784abaae075d305fc6f738,1678121220,0.00749268,1678121220
619a499826475c90c409e35829699b,1678121220,0.0079261,1678121220
b884a7d4de4c61b90ae02e236a687f,1678121280,0.00894516,1678121280
4ff845d1c343e69d05ea89f3fd56dc,1678121280,0.00711121,1678121280
b2df03002a49778b3d52971165b8db,1678121340,0.00692055,1678121340
d9358b9ce247e293ebee0c5ffd6dab,1678121400,0.00931374,1678121400
ec1365d76a440998cddf61f43aff5b,1678121400,-0.00824226,1678121400
a9ea1c58d049f981ae60979850b515,1678121460,0.00800659,1678121460
3d1d4acf8b48a19533daff70227b76,1678121460,-0.00656387,1678121460
a8858d20584fe18bf728328c1972fc,1678121520,-0.00767784,1678121520
0a318599844079b2848aec14319ef4,1678121520,0.0758453,1678121520
58b879bceb4090830d11c7226788e7,1678121580,0.00833534,1678121580
26c86f2979470ebcb0665ff3566476,1678121640,-0.00599129,1678121640
1959c192b54be382a42557f6d254b2,1678121640,0.00719284,1678121640
f9e78a50a04f5fbf42251e6878d172,1678121700,-0.00593948,1678121700
301b0e73144becb921f298ca96f69d,1678121700,0.00694679,1678121700
d931980dd84c0291009fda37e9acc9,1678121700,-0.00591179,1678121700
d1d2e683f84ba8a787309be088dfe4,1678121760,0.00891846,1678121760
c56909bae04ea4b2e1a01202140024,1678121760,-0.00777046,1678121760
b50ed5893d4188bc8895acf7cf75f9,1678121760,0.00756729,1678121760
57c81f103841d2abfb02a198fddc49,1678121880,0.0159363,1678121880
8637c2043b473d88fd422ecc2ab7ad,1678121940,0.0232437,1678121940
1d8abfe19c4a5fac3b7a7251fafd9a,1678121940,-0.00775703,1678121940
427b731d8e470fa9e445bd58ffcfc6,1678121940,0.00767349,1678121940
bd854cabe54f55981f5379af22c1ae,1678122060,0.00750488,1678122060
7bb2921a404fc9b9a90c2d2048c707,1678122060,0.00772919,1678122060
cb4c86f3fd478196c7fc56ed9c0afd,1678122120,0.00597549,1678122120
bf8ef03a2c4907bea9884a746a2c76,1678122120,0.0652481,1678122120
5812aebd4a432a801abbedd73f5a81,1678122120,0.0072686,1678122120
84994930bd452aa59be530b8559c31,1678122180,0.0606644,1678122180
d172129914494ea23a2ce8aa67378f,1678122180,0.0627213,1678122180
1ff2cf0d7b4faa9872ca4439d3940a,1678122240,0.00788742,1678122240
0a2b61abf44bb7a812028351cd1b8f,1678122240,-0.00876503,1678122240
78aecd8b52431c90167d519bae673b,1678122247,0.0749481,1678122247
7dacce178a4df08269e2b1460e35a2,1678122247,0.00708344,1678122247
b1d9324bb44fefaf79302f37a0ab13,1678122247,0.00725418,1678122247
9c2a5a901549e48e001d524ff2b530,1678122251,0.00861389,1678122251
a1fa4a93bf4bd6a0d9bb587be2fb2e,1678122252,0.00806091,1678122252
93d51dfe7244d0af9bec3b2d9a0b66,1678122255,0.00719795,1678122255
ae73c4126943fb98e5574de652423b,1678122255,-0.00740784,1678122255
56a9a60a724a51bdf69ba4d148c5e5,1678122256,-0.00946129,1678122256
907be69f9c42db9cf3e900b1bbc218,1678122256,0.00582573,1678122256
ffc54d9020416d85d0d18c330d237e,1678122258,-0.00740692,1678122258
9728669ede466686a940747b0e22d8,1678122259,0.058316,1678122259
5107b24bbf4a7d93065b27dc116b41,1678122261,0.00677597,1678122261
419154c48142cd969f51b746858115,1678122266,0.0066037,1678122266
1c2601e1a04a1a94e54c67b1bb11df,1678122270,0.00694893,1678122270
ecd235bf964c688e739b592a948624,1678122270,0.0137344,1678122270
dae575153d48e6846fe3a19c5f5ab5,1678122271,0.0071067,1678122271
680565ad4a4f23a3f5e7d468523ca7,1678122276,0.0066671,1678122276
ae7efef9d841cabbaeb55400a877cf,1678122286,0.0537338,1678122286
bd6f8376f64088baf51ef1cea454de,1678122301,0.0511169,1678122301
