auction_id,market_id,clearing_time,price,quantity,marginal_type,marginal_order,marginal_quantity,marginal_rank,valid_at
e5074e31314030a0236e99a255671e,9088c280144488b5d9f4acdb8f45c9,1679929500,None,None,None,None,None,None,1679929200
65ebe30784410db091d2599b1484aa,32ae396b574aec965547ec1359fefb,1679929260,None,None,None,None,None,None,1679929200
2a5aeee3f44bbe9231d0a8a17bab74,a22b3a976c474f84262c7f018dec35,1679929500,None,None,None,None,None,None,1679929200
f72eb015514fcca21c11a4da713f78,6b0479131a4e7c9ea952fbe017913c,1679929260,None,None,None,None,None,None,1679929200
716d3fd5854a6dbb774826e2033ff2,7613b746244b1fae4257eb0d349801,1679929500,None,None,None,None,None,None,1679929200
c7969d69ae422f8eeb91d30a183945,4a956732e2464c94e1bef92f8a0254,1679929260,None,None,None,None,None,None,1679929200
c5b6f608c548deb5bde47e2091cfe7,02926f41744a18894ce1a3fab92df1,1679929500,None,None,None,None,None,None,1679929200
25bf94c5704e509bae48a6b7f9b9c0,3500e971ff4e25971f5fdb6fa188ad,1679929260,None,None,None,None,None,None,1679929200
0e85dcebea4470904b91d531cc797d,32ae396b574aec965547ec1359fefb,1679929260,53.35238438263686,5.843039348395759,buyer,None,4.75538064748574,637,1679929260
369c805f3b4033ac546d475b26b951,32ae396b574aec965547ec1359fefb,1679929320,None,None,None,None,None,None,1679929260
c07c01e3eb4a5dabdd2cbb3dd8182c,6b0479131a4e7c9ea952fbe017913c,1679929260,29.965068139751594,5.984208157153189,buyer,None,6.4162972038936426,199,1679929260
fec61994ee4ca48c1dbc3ab6edacb0,6b0479131a4e7c9ea952fbe017913c,1679929320,None,None,None,None,None,None,1679929260
583caee47549b1af94e3afe8013dea,4a956732e2464c94e1bef92f8a0254,1679929260,38.28617943905622,6.3272202346451945,seller,None,6.021760486680332,327,1679929260
2bd56dd90d41bf9259b42b42667f80,4a956732e2464c94e1bef92f8a0254,1679929320,None,None,None,None,None,None,1679929260
64670f6bad4922a55d2761beecb30b,3500e971ff4e25971f5fdb6fa188ad,1679929260,53.34691212392653,5.701815814343014,buyer,None,4.801450809595242,906,1679929260
ea6962f0a6435998e1965408015b56,3500e971ff4e25971f5fdb6fa188ad,1679929320,None,None,None,None,None,None,1679929260
0b23d4d2e941df96a24c192d4cb35e,32ae396b574aec965547ec1359fefb,1679929320,59.98838469670446,6.4720384928289665,seller,None,4.745043156012937,561,1679929320
9643ef9ac14f2080dcd60cf0027e04,32ae396b574aec965547ec1359fefb,1679929380,None,None,None,None,None,None,1679929320
bfb8c169d44980bea721c048258d90,6b0479131a4e7c9ea952fbe017913c,1679929320,34.00499681829463,4.489089425685267,seller,None,6.132730066384292,791,1679929320
25a27da769452292cf6aefedf0f6cc,6b0479131a4e7c9ea952fbe017913c,1679929380,None,None,None,None,None,None,1679929320
86801904794aa3be64cd2c8ae98be0,4a956732e2464c94e1bef92f8a0254,1679929320,61.90530401751244,4.767573394087059,buyer,None,4.019837917893325,992,1679929320
a07345d035489e82f5b9a885fa389e,4a956732e2464c94e1bef92f8a0254,1679929380,None,None,None,None,None,None,1679929320
333b329b77476ba7e4069be197614b,3500e971ff4e25971f5fdb6fa188ad,1679929320,47.538512656279195,2.764892938909403,seller,None,4.588413582174457,172,1679929320
724349009b4bc194093a20695066ec,3500e971ff4e25971f5fdb6fa188ad,1679929380,None,None,None,None,None,None,1679929320
48d889cd7c4499a2e2eb1cbd9929e0,32ae396b574aec965547ec1359fefb,1679929380,51.38541464052795,4.821658010707299,seller,None,6.243692403126412,165,1679929380
c0e06bc5ef4bd9ad195e2c3fa10a9b,32ae396b574aec965547ec1359fefb,1679929440,None,None,None,None,None,None,1679929380
3e288418794088855a5f9f15570b16,6b0479131a4e7c9ea952fbe017913c,1679929380,42.52168821708198,5.715823935560113,buyer,None,4.526133955004244,153,1679929380
99b14d6b7c4e5699bcb2857165bfa1,6b0479131a4e7c9ea952fbe017913c,1679929440,None,None,None,None,None,None,1679929380
3fbce6becd48f4a6f0c8cc4784a1cf,4a956732e2464c94e1bef92f8a0254,1679929380,33.37685003005744,4.718065205006155,buyer,None,4.027655295441389,595,1679929380
d103657d494c309fa6c678d81c3c8f,4a956732e2464c94e1bef92f8a0254,1679929440,None,None,None,None,None,None,1679929380
82392e3da74b23a9be2869c193175c,3500e971ff4e25971f5fdb6fa188ad,1679929380,50.451771905298806,4.890339486239289,buyer,None,5.136280737843811,709,1679929380
5d1b78efb341ddab3128c6e5fb8030,3500e971ff4e25971f5fdb6fa188ad,1679929440,None,None,None,None,None,None,1679929380
e3da79385d42b78f9837ef40f5fc61,32ae396b574aec965547ec1359fefb,1679929440,56.05966219775629,3.3280184243133557,seller,None,4.156312215483961,232,1679929440
9eb90e368441ee9393d35139c85bf4,32ae396b574aec965547ec1359fefb,1679929500,None,None,None,None,None,None,1679929440
473bdd29bc4a139bc4bddb4d42af94,6b0479131a4e7c9ea952fbe017913c,1679929440,36.174050154609944,5.612089470234842,buyer,None,5.927518279111557,564,1679929440
ff4b04a68247c59ee900f4c9e22ae3,6b0479131a4e7c9ea952fbe017913c,1679929500,None,None,None,None,None,None,1679929440
d21d4b08314bd2b239f8192790c777,4a956732e2464c94e1bef92f8a0254,1679929440,36.78800650012459,4.641316861263142,seller,None,4.495160537949092,329,1679929440
8c980838bd4d9a94a8eedb133e9cb5,4a956732e2464c94e1bef92f8a0254,1679929500,None,None,None,None,None,None,1679929440
7c6a4a6cf04eec99a752a2bbb036dc,3500e971ff4e25971f5fdb6fa188ad,1679929440,54.927328406342376,5.130831369685319,buyer,None,4.327798315948251,482,1679929440
8dea63d4f34ad6a1d0e8a03f91f319,3500e971ff4e25971f5fdb6fa188ad,1679929500,None,None,None,None,None,None,1679929440
6eddaeab0b47a3a6fb3752adede45f,9088c280144488b5d9f4acdb8f45c9,1679929500,4.516371956842975,49.501184587383484,seller,None,4.467936938418355,246,1679929500
2dec3995864e99aea0ff5e855f6316,9088c280144488b5d9f4acdb8f45c9,1679929800,None,None,None,None,None,None,1679929500
610f63227e4e44acea553447f4b6c4,32ae396b574aec965547ec1359fefb,1679929500,49.46740304924257,7.385836610663308,seller,None,3.6014508191622294,168,1679929500
5cfd40dc1a4361a5c5574b00e86233,32ae396b574aec965547ec1359fefb,1679929560,None,None,None,None,None,None,1679929500
2307208d25412ebc11f7a81c030826,a22b3a976c474f84262c7f018dec35,1679929500,5.195175939753125,49.71803092169206,buyer,None,4.784731416549362,803,1679929500
b91cc13f5a49b19901048c9ee6d15b,a22b3a976c474f84262c7f018dec35,1679929800,None,None,None,None,None,None,1679929500
52175d5a7245fa9c8bcf3fbebebb75,6b0479131a4e7c9ea952fbe017913c,1679929500,39.694321071307726,5.187174462101069,buyer,None,5.524925221631127,515,1679929500
dc790da6e540a0b0135c7af2107b5b,6b0479131a4e7c9ea952fbe017913c,1679929560,None,None,None,None,None,None,1679929500
93d3627ecc48d29c7124dfeeee4917,7613b746244b1fae4257eb0d349801,1679929500,4.474426877184326,51.65944874841677,seller,None,3.8797224276646967,558,1679929500
d4e9ce6361468aab808b4e8fcdfc2e,7613b746244b1fae4257eb0d349801,1679929800,None,None,None,None,None,None,1679929500
481dddba4646e9a1eead5e617aaf65,4a956732e2464c94e1bef92f8a0254,1679929500,38.82701460661785,4.777608652599667,buyer,None,5.517807350788,782,1679929500
db655f9f8443faa4751f9b7c7cd2d3,4a956732e2464c94e1bef92f8a0254,1679929560,None,None,None,None,None,None,1679929500
e89e7458eb4a938cd84df6173282da,02926f41744a18894ce1a3fab92df1,1679929500,5.430359207038947,49.87858157105388,buyer,None,6.585186302710053,938,1679929500
c174e387a5403697ca8c10428dc83a,02926f41744a18894ce1a3fab92df1,1679929800,None,None,None,None,None,None,1679929500
ccb7cb32194f16b603aad431c43b60,3500e971ff4e25971f5fdb6fa188ad,1679929500,49.36245133519402,5.819859969762148,seller,None,4.228190741252232,639,1679929500
662ca6e846453a884066eaf4f382c0,3500e971ff4e25971f5fdb6fa188ad,1679929560,None,None,None,None,None,None,1679929500
b9d1461cfb4a4f8b1c88c2f5170860,32ae396b574aec965547ec1359fefb,1679929560,34.08533226256201,3.920088768247412,buyer,None,6.148822894180499,686,1679929560
35d92d086d4e8aa6898f048946feb9,32ae396b574aec965547ec1359fefb,1679929620,None,None,None,None,None,None,1679929560
75fbc6b1fa4296900945d590c634e0,6b0479131a4e7c9ea952fbe017913c,1679929560,54.949713401939235,5.624761480230925,seller,None,4.951848607731971,289,1679929560
f269f7f72540aa9e7bfee4e02086a6,6b0479131a4e7c9ea952fbe017913c,1679929620,None,None,None,None,None,None,1679929560
543b6858e34b9fba813b80f4b7463a,4a956732e2464c94e1bef92f8a0254,1679929560,52.14775470583222,5.042056246680775,seller,None,5.385168429149991,95,1679929560
1987e30d15444c99569aa6cd0873b7,4a956732e2464c94e1bef92f8a0254,1679929620,None,None,None,None,None,None,1679929560
87d0102c224b41bfed3eb167ae64b7,3500e971ff4e25971f5fdb6fa188ad,1679929560,56.819903265278015,3.386560345153851,seller,None,5.834640461557828,787,1679929560
25ef4db893409780181df1605ff4f3,3500e971ff4e25971f5fdb6fa188ad,1679929620,None,None,None,None,None,None,1679929560
f8ee6e4a9d4fc999b21d83bc8cf421,32ae396b574aec965547ec1359fefb,1679929620,57.500454459542276,4.7487946573362825,buyer,None,4.911777382932467,321,1679929620
e93b8bea0b45dab229f39f56f82c24,32ae396b574aec965547ec1359fefb,1679929680,None,None,None,None,None,None,1679929620
4748aa645b4ec4af5655254765dfee,6b0479131a4e7c9ea952fbe017913c,1679929620,48.5020277099483,6.604891805500101,seller,None,5.850072600470751,948,1679929620
8e22af01cd4063a4f17bfe4174a3c5,6b0479131a4e7c9ea952fbe017913c,1679929680,None,None,None,None,None,None,1679929620
bb0d48c46c4006862601532dfda36b,4a956732e2464c94e1bef92f8a0254,1679929620,57.49607689089552,6.289258284240509,seller,None,5.159595957431565,305,1679929620
496d828d94489594788173cd5c45dd,4a956732e2464c94e1bef92f8a0254,1679929680,None,None,None,None,None,None,1679929620
3da68840fc4a45bee11590d8ede301,3500e971ff4e25971f5fdb6fa188ad,1679929620,40.157282562535514,5.056411507401663,seller,None,6.210312213477716,408,1679929620
5297180f3a41f7b8a4d4b8ec5352e4,3500e971ff4e25971f5fdb6fa188ad,1679929680,None,None,None,None,None,None,1679929620
2e91dfceb54a7ebd8374ddfd182f10,32ae396b574aec965547ec1359fefb,1679929680,39.998616716450016,4.539095065406286,seller,None,3.046492467083506,158,1679929680
7be3a048b648ec8c3d98f13c2e3fef,32ae396b574aec965547ec1359fefb,1679929740,None,None,None,None,None,None,1679929680
4052e9d8014e0dbeb9c37e83abd0d4,6b0479131a4e7c9ea952fbe017913c,1679929680,41.865103613418725,6.211387085046052,seller,None,4.554194579365983,278,1679929680
2a23975898402e907949b12f43401a,6b0479131a4e7c9ea952fbe017913c,1679929740,None,None,None,None,None,None,1679929680
cd5e4f82324878b38801517ba35f9e,4a956732e2464c94e1bef92f8a0254,1679929680,57.541325176893544,4.483984326379222,buyer,None,4.8558388213184,0,1679929680
494882be16489fa0ed1729a08e38ac,4a956732e2464c94e1bef92f8a0254,1679929740,None,None,None,None,None,None,1679929680
8915e25df84506805ab45d3a898918,3500e971ff4e25971f5fdb6fa188ad,1679929680,42.93796405913592,6.084440334641103,buyer,None,4.976524757249783,352,1679929680
9d49a211f243e8b710b06d8386f0cc,3500e971ff4e25971f5fdb6fa188ad,1679929740,None,None,None,None,None,None,1679929680
059fe2f0bd41baac0e347d8aac27cb,32ae396b574aec965547ec1359fefb,1679929740,40.11604121887291,2.785888836854197,buyer,None,5.447243022731258,587,1679929740
25edb69e054e4abf06a615c602154f,32ae396b574aec965547ec1359fefb,1679929800,None,None,None,None,None,None,1679929740
c3c9a726d44259a5dafcd12169ee42,6b0479131a4e7c9ea952fbe017913c,1679929740,73.09140652171743,5.556587580111062,buyer,None,3.334184936317031,27,1679929740
0cae1349694c52bc980479f56a61e8,6b0479131a4e7c9ea952fbe017913c,1679929800,None,None,None,None,None,None,1679929740
8634ae7f1f4f1eac445a692e0bc89c,4a956732e2464c94e1bef92f8a0254,1679929740,34.442652874711264,5.411052072825667,seller,None,5.604064678373223,226,1679929740
bc4f5b9c9f460c9aa98f66047a9aa6,4a956732e2464c94e1bef92f8a0254,1679929800,None,None,None,None,None,None,1679929740
99321312e14195b357d8212b40573f,3500e971ff4e25971f5fdb6fa188ad,1679929740,31.932250636582676,4.11975838805105,buyer,None,4.558594405779204,438,1679929740
f5b361e268436790a9c2eb3e92768c,3500e971ff4e25971f5fdb6fa188ad,1679929800,None,None,None,None,None,None,1679929740
3bdd0c71364ca8991bc0b3e874f6e7,9088c280144488b5d9f4acdb8f45c9,1679929800,4.92669774386524,50.88258375508906,buyer,None,4.948564959668273,859,1679929800
807e8c38c542b6bdab8fce39c27680,9088c280144488b5d9f4acdb8f45c9,1679930100,None,None,None,None,None,None,1679929800
1d1c31dfd54d71b92c7d13c4ebeb8b,32ae396b574aec965547ec1359fefb,1679929800,59.27243790265442,4.256231047598287,buyer,None,3.5778175776232652,722,1679929800
5bceb5f5764b1585b3128d83015850,32ae396b574aec965547ec1359fefb,1679929860,None,None,None,None,None,None,1679929800
5c2608d0fd45e7ae36fb85e163c55f,a22b3a976c474f84262c7f018dec35,1679929800,4.783474306197937,47.07404354323215,seller,None,5.64181214351279,835,1679929800
83a2ef23ea4a2392cd2b68272fec8e,a22b3a976c474f84262c7f018dec35,1679930100,None,None,None,None,None,None,1679929800
b703e6a00a4341a358584ba3df0200,6b0479131a4e7c9ea952fbe017913c,1679929800,61.76381190661788,4.253688697299854,seller,None,5.468658129146856,197,1679929800
d9400002854b8488eede535edbbdf3,6b0479131a4e7c9ea952fbe017913c,1679929860,None,None,None,None,None,None,1679929800
7ef969f8b24d889f957e7ffc1a1e03,7613b746244b1fae4257eb0d349801,1679929800,5.6188613253982105,47.859438830082176,seller,None,7.513005838000925,231,1679929800
940b5d2b494774b69623e7cd5d3c8e,7613b746244b1fae4257eb0d349801,1679930100,None,None,None,None,None,None,1679929800
86aab9023e40c3ae6836b5eebf04d2,4a956732e2464c94e1bef92f8a0254,1679929800,58.01588034787707,4.1846935582029685,seller,None,4.763540700196539,613,1679929800
97d2ca224049a990adae467d979d0f,4a956732e2464c94e1bef92f8a0254,1679929860,None,None,None,None,None,None,1679929800
887a7676bf49efad7aae455a5cac30,02926f41744a18894ce1a3fab92df1,1679929800,4.5441933222043165,48.94479427596362,seller,None,5.238822887631914,659,1679929800
1b4e01f67c4ea790a3e444d4842082,02926f41744a18894ce1a3fab92df1,1679930100,None,None,None,None,None,None,1679929800
fe86bcd3b84858a0ecdc313231223d,3500e971ff4e25971f5fdb6fa188ad,1679929800,46.766139815238816,4.9693578040648125,seller,None,4.776340312864911,629,1679929800
849cac22004ad5b73f4dee35c4c32c,3500e971ff4e25971f5fdb6fa188ad,1679929860,None,None,None,None,None,None,1679929800
e7f569af084a9e89dfa13b386479b4,32ae396b574aec965547ec1359fefb,1679929860,48.307348084388174,5.289337380016454,buyer,None,5.590193707218506,813,1679929860
aa65c7660d4803a408a915c8fcb5a4,32ae396b574aec965547ec1359fefb,1679929920,None,None,None,None,None,None,1679929860
1ade6f8ce7487fb496e6fdcb684f82,6b0479131a4e7c9ea952fbe017913c,1679929860,69.66419424434181,7.63164254307719,seller,None,4.163462110503409,899,1679929860
7787511b4f4dfdb2092869fa5cd46d,6b0479131a4e7c9ea952fbe017913c,1679929920,None,None,None,None,None,None,1679929860
0079be0bca49adab1f87cb3ff5790c,4a956732e2464c94e1bef92f8a0254,1679929860,48.87901355842047,6.18178031126319,buyer,None,5.981172480986686,887,1679929860
5a21903790443fab105b60f2cd9c08,4a956732e2464c94e1bef92f8a0254,1679929920,None,None,None,None,None,None,1679929860
10c33c141f4783a5f82db69f880202,3500e971ff4e25971f5fdb6fa188ad,1679929860,59.0002379869056,3.934583617227437,buyer,None,5.794823189441435,350,1679929860
f9f499b0a543dfac1c12675e064be5,3500e971ff4e25971f5fdb6fa188ad,1679929920,None,None,None,None,None,None,1679929860
a4395fa86848d591d7d595f14116e4,32ae396b574aec965547ec1359fefb,1679929920,46.17079290114495,3.9367197481460483,seller,None,3.733131797693919,897,1679929920
c6ceb674c94553ab788efc6b387d9e,32ae396b574aec965547ec1359fefb,1679929980,None,None,None,None,None,None,1679929920
776c3a4a714d2c83055fca1ea32976,6b0479131a4e7c9ea952fbe017913c,1679929920,43.218516088647355,5.035174369991409,seller,None,6.7776138492476505,292,1679929920
e1686298e54d4a9241eb68744c6970,6b0479131a4e7c9ea952fbe017913c,1679929980,None,None,None,None,None,None,1679929920
a5aca8bd884c57b40218ad18b1dfdc,4a956732e2464c94e1bef92f8a0254,1679929920,44.648241667872455,4.479167918251841,seller,None,6.334165740494805,919,1679929920
651352da7e43539845b2d81dbf4d0b,4a956732e2464c94e1bef92f8a0254,1679929980,None,None,None,None,None,None,1679929920
4d61d2f22042dcb94efadb93943789,3500e971ff4e25971f5fdb6fa188ad,1679929920,65.4705502472238,5.483478703361933,seller,None,4.478867913905347,262,1679929920
f78f159335425faf41c50f233bfaae,3500e971ff4e25971f5fdb6fa188ad,1679929980,None,None,None,None,None,None,1679929920
1d7af373084b51b932742316d4f8b8,32ae396b574aec965547ec1359fefb,1679929980,67.54512669915596,4.735621138552454,seller,None,3.7801914459913895,831,1679929980
397353adcd48dab52962e22b171f75,32ae396b574aec965547ec1359fefb,1679930040,None,None,None,None,None,None,1679929980
1d969a349649aabc3c2f9034239bc7,6b0479131a4e7c9ea952fbe017913c,1679929980,54.46403043248847,5.063606500680004,buyer,None,5.397957393083705,225,1679929980
75ba9cca31447d98f096530f4c5b7c,6b0479131a4e7c9ea952fbe017913c,1679930040,None,None,None,None,None,None,1679929980
cfa934a8d3484ab5c7fb97e74a112d,4a956732e2464c94e1bef92f8a0254,1679929980,43.09033058730035,3.339216206193707,seller,None,4.5870381165588245,761,1679929980
4e2c73b0e94af0a7e29682bd9bbd8c,4a956732e2464c94e1bef92f8a0254,1679930040,None,None,None,None,None,None,1679929980
5c9a836dbc468eaeb2ee0242b7eebe,3500e971ff4e25971f5fdb6fa188ad,1679929980,58.025529941917824,5.469707760202565,seller,None,5.775069884493818,595,1679929980
855337fe754bb7bc07f178faed5868,3500e971ff4e25971f5fdb6fa188ad,1679930040,None,None,None,None,None,None,1679929980
d5041d7f10466e8f9dd96dc1f91f72,32ae396b574aec965547ec1359fefb,1679930040,49.034711172237216,4.502893155810112,seller,None,4.690517876963858,608,1679930040
e715dd07944e8e83f722d0d4135859,32ae396b574aec965547ec1359fefb,1679930100,None,None,None,None,None,None,1679930040
78c5567afd4ab79f5a7b9f71a644b1,6b0479131a4e7c9ea952fbe017913c,1679930040,37.104465775343535,4.348209334197335,seller,None,3.9159720767840094,109,1679930040
0a4eef5c8f4243ac32ba8c294add2d,6b0479131a4e7c9ea952fbe017913c,1679930100,None,None,None,None,None,None,1679930040
e892b876af4a2a81b0161f9d576c26,4a956732e2464c94e1bef92f8a0254,1679930040,44.4436738334186,6.719466647676368,buyer,None,4.266020911209282,899,1679930040
0b9b279bd34dabb5dc72daa832ca84,4a956732e2464c94e1bef92f8a0254,1679930100,None,None,None,None,None,None,1679930040
e6d239cb044073b1a112e1169bea3f,3500e971ff4e25971f5fdb6fa188ad,1679930040,56.470571119291975,5.780800665144529,seller,None,5.089766697709949,860,1679930040
86c0549f9d4d2c950bf9d264dc7843,3500e971ff4e25971f5fdb6fa188ad,1679930100,None,None,None,None,None,None,1679930040
05f86aab61434e8c9f212d36495fbd,9088c280144488b5d9f4acdb8f45c9,1679930100,4.248718836195707,48.81071567229739,seller,None,5.214410871299161,310,1679930100
35dce8207b411abcfdaf894152af59,9088c280144488b5d9f4acdb8f45c9,1679930400,None,None,None,None,None,None,1679930100
3c728a1b08449fb5116078fecc3cdc,32ae396b574aec965547ec1359fefb,1679930100,35.76516350739195,4.737556261603515,buyer,None,5.354418792415959,557,1679930100
17e88a47964e46802c1a11c9afbfde,32ae396b574aec965547ec1359fefb,1679930160,None,None,None,None,None,None,1679930100
fda052747c43129b01e8af4fefe15c,a22b3a976c474f84262c7f018dec35,1679930100,5.8873572957859155,51.24341151000598,seller,None,4.218645499699189,888,1679930100
4ef3cc96b24bdab22d4d2a4a6ca46e,a22b3a976c474f84262c7f018dec35,1679930400,None,None,None,None,None,None,1679930100
3c32efc1ce479ca536f625565c6f5e,6b0479131a4e7c9ea952fbe017913c,1679930100,47.56321497015975,2.9740013791597244,buyer,None,4.206832430058736,796,1679930100
c4110e679b4d0bb907cae24ead8a15,6b0479131a4e7c9ea952fbe017913c,1679930160,None,None,None,None,None,None,1679930100
3eb2279a3e4bb6b2b8b225cc1960e0,7613b746244b1fae4257eb0d349801,1679930100,5.368466984019321,51.866471808253436,seller,None,3.7229496570891705,878,1679930100
f8ecb2a9bc4db3b3d0f03ad40923b9,7613b746244b1fae4257eb0d349801,1679930400,None,None,None,None,None,None,1679930100
aba34dd32b49eeb486bcc681c3e46d,4a956732e2464c94e1bef92f8a0254,1679930100,56.778713534289906,5.073700090297176,seller,None,6.3284212036131535,402,1679930100
586c7415b04a20bfb38c2e69c9a9d1,4a956732e2464c94e1bef92f8a0254,1679930160,None,None,None,None,None,None,1679930100
1b94d85d924a7a893212ab0cadffc9,02926f41744a18894ce1a3fab92df1,1679930100,5.305975112519237,50.150280266368796,buyer,None,2.8063927993555686,777,1679930100
cd0e16b3e94fa6b8908d0efc742c74,02926f41744a18894ce1a3fab92df1,1679930400,None,None,None,None,None,None,1679930100
313de99379415abb4946dcd5e67b07,3500e971ff4e25971f5fdb6fa188ad,1679930100,53.842487762889995,4.81980992571307,buyer,None,4.123140428292653,3,1679930100
fe638ad4674a1a8b3ad75c92555737,3500e971ff4e25971f5fdb6fa188ad,1679930160,None,None,None,None,None,None,1679930100
f6bc07a24d438d93f8bfd60cb72a4f,32ae396b574aec965547ec1359fefb,1679930160,50.66611996906582,1.8898875723349415,seller,None,5.925334333789275,910,1679930160
d01ba0688f43ac8d0789c80d307def,32ae396b574aec965547ec1359fefb,1679930220,None,None,None,None,None,None,1679930160
3ac84c225149d68e80bbf7800bc3d1,6b0479131a4e7c9ea952fbe017913c,1679930160,54.89140464875225,4.988440485777413,buyer,None,6.102641111277355,80,1679930160
f0d65ecfcd4ce1bd1363dbacf8897e,6b0479131a4e7c9ea952fbe017913c,1679930220,None,None,None,None,None,None,1679930160
c02144c9a548f9a30635c803dae7bd,4a956732e2464c94e1bef92f8a0254,1679930160,44.32852827248217,4.483536122027154,seller,None,5.905416349772394,283,1679930160
56c7fd95f8442eb6dd7fe5cf18e853,4a956732e2464c94e1bef92f8a0254,1679930220,None,None,None,None,None,None,1679930160
6948d3f29e4ab09f0151d0bdf9cd92,3500e971ff4e25971f5fdb6fa188ad,1679930160,41.80986288367425,4.175791451167026,buyer,None,4.627033470128059,739,1679930160
1c5830ecd04c07a52fa4566c643787,3500e971ff4e25971f5fdb6fa188ad,1679930220,None,None,None,None,None,None,1679930160
6e2ad8aa324f7fa9d686f3b4278a48,32ae396b574aec965547ec1359fefb,1679930220,61.92688173484501,5.724725356560572,seller,None,5.388278293534967,700,1679930220
258cf5eb8241ccac453282a7ced3e9,32ae396b574aec965547ec1359fefb,1679930280,None,None,None,None,None,None,1679930220
541fadcb784ad5b04f4793f1608151,6b0479131a4e7c9ea952fbe017913c,1679930220,53.07197106323035,4.053960464829777,buyer,None,2.3481647801351504,468,1679930220
b2cd553a6a4b0285592f52f640e138,6b0479131a4e7c9ea952fbe017913c,1679930280,None,None,None,None,None,None,1679930220
d6a45a0007477db0eaa73a302bff81,4a956732e2464c94e1bef92f8a0254,1679930220,39.85494072162764,3.7931034098685226,seller,None,5.925675313940502,839,1679930220
ed8d6308dc4f8f86518d5fa11fa52c,4a956732e2464c94e1bef92f8a0254,1679930280,None,None,None,None,None,None,1679930220
fb95cbab324354b2b197b45f2edbc7,3500e971ff4e25971f5fdb6fa188ad,1679930220,64.53622986910044,7.937406272739354,seller,None,4.255710673300784,627,1679930220
833f7e945e4efba7dfdd1f9da24b3e,3500e971ff4e25971f5fdb6fa188ad,1679930280,None,None,None,None,None,None,1679930220
4a95f2a1054252b176680a99ca7733,32ae396b574aec965547ec1359fefb,1679930280,29.61679472001556,5.334653310834124,seller,None,6.216998548494272,611,1679930280
9b89919b174c18b666bddc5546d20e,32ae396b574aec965547ec1359fefb,1679930340,None,None,None,None,None,None,1679930280
53592bad90430eb5db18e5f5e88169,6b0479131a4e7c9ea952fbe017913c,1679930280,57.75027085446455,4.846879320145763,buyer,None,6.653961559880997,539,1679930280
d6da04e5444861a7fd45d8d334af2d,6b0479131a4e7c9ea952fbe017913c,1679930340,None,None,None,None,None,None,1679930280
2d08fafd4046b19e888deab2faa7f0,4a956732e2464c94e1bef92f8a0254,1679930280,40.08806173012002,4.668179169194338,buyer,None,4.889777290057718,375,1679930280
fb7ac2a0f04e61884534b2081913ef,4a956732e2464c94e1bef92f8a0254,1679930340,None,None,None,None,None,None,1679930280
c966d10ac84aeabf7fe8ecef6325d2,3500e971ff4e25971f5fdb6fa188ad,1679930280,65.29391185923532,3.647696296199807,buyer,None,4.883407931918753,874,1679930280
7c8afa1ce04956a1dd3ba3035d5c12,3500e971ff4e25971f5fdb6fa188ad,1679930340,None,None,None,None,None,None,1679930280
bdce0718944cebb548287a6653cbe0,32ae396b574aec965547ec1359fefb,1679930340,51.92086445257591,4.390253457604864,buyer,None,5.721411962863749,77,1679930340
745229dbdc4cce88b3ef2d90824cd5,32ae396b574aec965547ec1359fefb,1679930400,None,None,None,None,None,None,1679930340
5abe9e82d74717ae1674316d7c77c3,6b0479131a4e7c9ea952fbe017913c,1679930340,51.53620503332494,5.909840346865401,seller,None,3.0037560386385636,2,1679930340
68258be2a14f7b9fa7ba5364069dbd,6b0479131a4e7c9ea952fbe017913c,1679930400,None,None,None,None,None,None,1679930340
a1e82d3f4c43dba902d6cd02a390c6,4a956732e2464c94e1bef92f8a0254,1679930340,39.573937728721376,5.856068351991953,buyer,None,4.462333078647287,765,1679930340
88f2a9b57947eba090513d34d493d3,4a956732e2464c94e1bef92f8a0254,1679930400,None,None,None,None,None,None,1679930340
2da04258fb4d82958c75a36a25f8cb,3500e971ff4e25971f5fdb6fa188ad,1679930340,59.390190667232005,5.619126799288988,buyer,None,5.225275447275068,687,1679930340
20d7910a784d0eb9f3ee2d6db6ed80,3500e971ff4e25971f5fdb6fa188ad,1679930400,None,None,None,None,None,None,1679930340
db5a8ba32743888d7acf05ab56c79c,9088c280144488b5d9f4acdb8f45c9,1679930400,5.817787718246662,51.274458573034515,seller,None,5.404235221624559,932,1679930400
66bb15c786440dac3d59c1a340fd0f,9088c280144488b5d9f4acdb8f45c9,1679930700,None,None,None,None,None,None,1679930400
c02651e7654a56b6827f43c50fb4c5,32ae396b574aec965547ec1359fefb,1679930400,68.95294864802331,4.816375228228805,buyer,None,4.548711102251993,612,1679930400
de7a2613c44a6db1c0604eb7e4fbb4,32ae396b574aec965547ec1359fefb,1679930460,None,None,None,None,None,None,1679930400
130370386046a197c0d27e895c3894,a22b3a976c474f84262c7f018dec35,1679930400,5.2861701413352185,50.26207465423242,buyer,None,6.619140553055752,273,1679930400
7dec34fe404ba69ab1de16e0667b40,a22b3a976c474f84262c7f018dec35,1679930700,None,None,None,None,None,None,1679930400
02494f2748462c9fb95d43ecfe6164,6b0479131a4e7c9ea952fbe017913c,1679930400,51.728879659642274,5.565994002829328,seller,None,6.936478916436274,120,1679930400
b229849a134e918a4cbf4c6166cfad,6b0479131a4e7c9ea952fbe017913c,1679930460,None,None,None,None,None,None,1679930400
5ccf279fae4ccaa459522914d5e64a,7613b746244b1fae4257eb0d349801,1679930400,4.461169709785455,51.682923855678325,buyer,None,3.5570430969811273,134,1679930400
1869699ae64560a5432d950c0a513c,7613b746244b1fae4257eb0d349801,1679930700,None,None,None,None,None,None,1679930400
87ae153b1442c98c449ea85e7469ae,4a956732e2464c94e1bef92f8a0254,1679930400,55.59571343102992,4.815855730671454,seller,None,5.620798954816154,361,1679930400
9875ff3c984fd0b240601f81a7ee42,4a956732e2464c94e1bef92f8a0254,1679930460,None,None,None,None,None,None,1679930400
c3bfafc6f4420fac7097c43e91e1aa,02926f41744a18894ce1a3fab92df1,1679930400,4.463616146641124,49.42739993464002,buyer,None,6.091506709839983,823,1679930400
b72bc1240e433d8222da0acd5ad492,02926f41744a18894ce1a3fab92df1,1679930700,None,None,None,None,None,None,1679930400
a5b87cc6c6437c9310bd4f6014d100,3500e971ff4e25971f5fdb6fa188ad,1679930400,38.92806189453357,4.088297098635896,buyer,None,4.089500047209066,58,1679930400
a732f2e551445b9fcfece89bce1039,3500e971ff4e25971f5fdb6fa188ad,1679930460,None,None,None,None,None,None,1679930400
0afe795a4049b98d90ea9556c2c474,32ae396b574aec965547ec1359fefb,1679930460,44.043647995589524,5.6764505343160065,seller,None,7.265898474080713,500,1679930460
afd04f6d6e452da81f2fdcc28427aa,32ae396b574aec965547ec1359fefb,1679930520,None,None,None,None,None,None,1679930460
54558e450d469182db8f5a0b4a70f7,6b0479131a4e7c9ea952fbe017913c,1679930460,59.9268857814624,4.814815601881422,buyer,None,6.233362698727259,57,1679930460
9f545e5b144be0808026bcad0423b8,6b0479131a4e7c9ea952fbe017913c,1679930520,None,None,None,None,None,None,1679930460
7e4a46f1be4333a5b4c8d71d32337c,4a956732e2464c94e1bef92f8a0254,1679930460,49.032584188741595,4.819356248280248,buyer,None,3.2906636655562584,248,1679930460
5bc96b53c8483abb69f598f508ddb9,4a956732e2464c94e1bef92f8a0254,1679930520,None,None,None,None,None,None,1679930460
bb1e9e064c43c084e7504592a9a82b,3500e971ff4e25971f5fdb6fa188ad,1679930460,56.59124134939713,3.5562386622625075,buyer,None,4.50635117900666,569,1679930460
d9f9b71b4a4847a89763125fb35f96,3500e971ff4e25971f5fdb6fa188ad,1679930520,None,None,None,None,None,None,1679930460
baf35412594cc48fe6fc13ac514fcf,32ae396b574aec965547ec1359fefb,1679930520,55.66804625448457,5.1520815620517935,buyer,None,5.190900262431671,605,1679930520
636b04a6d74bc18e06d6e28780f467,32ae396b574aec965547ec1359fefb,1679930580,None,None,None,None,None,None,1679930520
5d40a35e4e4624a5d80e6b56bf85d1,6b0479131a4e7c9ea952fbe017913c,1679930520,64.06399410387684,3.727031629527347,seller,None,5.453287257546197,665,1679930520
09b4173d20404493408be841828279,6b0479131a4e7c9ea952fbe017913c,1679930580,None,None,None,None,None,None,1679930520
e1990602d844588d9ef7de0c43f262,4a956732e2464c94e1bef92f8a0254,1679930520,53.47746224152071,6.036848339334644,seller,None,5.412933897639748,584,1679930520
985210e706494ba2e2e3af8553d2ad,4a956732e2464c94e1bef92f8a0254,1679930580,None,None,None,None,None,None,1679930520
81355c84f34b3badd50bbafb3fab77,3500e971ff4e25971f5fdb6fa188ad,1679930520,62.52610983557913,3.9452796348892707,seller,None,3.7616046356746056,554,1679930520
515fbe0bbc4b7197ee9ffb5a6540b1,3500e971ff4e25971f5fdb6fa188ad,1679930580,None,None,None,None,None,None,1679930520
4e6383652242d79549e4c28b0a0e93,32ae396b574aec965547ec1359fefb,1679930580,45.993410596511126,5.1148996136460525,seller,None,4.933028032814441,706,1679930580
32db04a0b9485d868a6aae3bbfe180,32ae396b574aec965547ec1359fefb,1679930640,None,None,None,None,None,None,1679930580
5209c06b434cd190ca3cdc9c9d55b9,6b0479131a4e7c9ea952fbe017913c,1679930580,49.5185638709182,3.391493781318481,buyer,None,4.232906347804059,526,1679930580
9e7f268db24529b1716c7b85424ef5,6b0479131a4e7c9ea952fbe017913c,1679930640,None,None,None,None,None,None,1679930580
5d5196b4be4527a6687b8755526feb,4a956732e2464c94e1bef92f8a0254,1679930580,47.7374847863458,4.886118109019195,buyer,None,6.824928954806859,785,1679930580
62682020a94a3880965056991ccc7e,4a956732e2464c94e1bef92f8a0254,1679930640,None,None,None,None,None,None,1679930580
4bdca0d5a740f18855539f8a886ac4,3500e971ff4e25971f5fdb6fa188ad,1679930580,42.4617951242704,6.026605575224389,buyer,None,5.258510589538559,526,1679930580
09539f8d0b405ea6b4c2c9259ba863,3500e971ff4e25971f5fdb6fa188ad,1679930640,None,None,None,None,None,None,1679930580
917100d084401ea048b48aa5d6e805,32ae396b574aec965547ec1359fefb,1679930640,53.56996585242964,6.5489375242438985,seller,None,6.62866407042159,908,1679930640
504df2a60d489dbb510e71e3180f8d,32ae396b574aec965547ec1359fefb,1679930700,None,None,None,None,None,None,1679930640
03e808b7304ea48193be458e69890b,6b0479131a4e7c9ea952fbe017913c,1679930640,53.786213601098765,5.172672394769862,buyer,None,5.219571332225441,263,1679930640
443eb8301b42399554fd64b8b0fc6f,6b0479131a4e7c9ea952fbe017913c,1679930700,None,None,None,None,None,None,1679930640
8dfbc7fdbc46fb8f5133962b3641c4,4a956732e2464c94e1bef92f8a0254,1679930640,41.4829304292497,5.3856035690451085,buyer,None,6.559322062497623,849,1679930640
34e319fa1d42a086761f4a23261a2f,4a956732e2464c94e1bef92f8a0254,1679930700,None,None,None,None,None,None,1679930640
e9329710724a1783aef4b7e112953a,3500e971ff4e25971f5fdb6fa188ad,1679930640,44.470746314370885,4.9277011417857945,seller,None,6.331537976341224,639,1679930640
6af1895cd64b999060b2d4860274eb,3500e971ff4e25971f5fdb6fa188ad,1679930700,None,None,None,None,None,None,1679930640
68de13fb1f42d19ee882d84b094a96,9088c280144488b5d9f4acdb8f45c9,1679930700,6.275877614917258,50.5958290862047,buyer,None,3.8340495854764955,154,1679930700
d26da13bc44e358ae14f967e71fba4,9088c280144488b5d9f4acdb8f45c9,1679931000,None,None,None,None,None,None,1679930700
e961d378774e42b7f305ebd5b41dc7,32ae396b574aec965547ec1359fefb,1679930700,59.52719556890402,4.761025960322918,buyer,None,4.847500817874188,771,1679930700
ba7c00f84a4671bdf9abca3dab3587,32ae396b574aec965547ec1359fefb,1679930760,None,None,None,None,None,None,1679930700
dfc71db5fc488f8ea4fb4bd1e08a5b,a22b3a976c474f84262c7f018dec35,1679930700,4.704793296383934,50.72292556480582,buyer,None,3.83919244112364,50,1679930700
a7a6ecadea44459f890765cc21a6c3,a22b3a976c474f84262c7f018dec35,1679931000,None,None,None,None,None,None,1679930700
544ee25185402a884a8fd4f475532e,6b0479131a4e7c9ea952fbe017913c,1679930700,72.10290729447009,5.797565707459754,buyer,None,4.170876443013851,37,1679930700
4c196574f049b89c4e4ba9d0870c16,6b0479131a4e7c9ea952fbe017913c,1679930760,None,None,None,None,None,None,1679930700
2888d3975e461f9ade9466daf862bf,7613b746244b1fae4257eb0d349801,1679930700,3.7157760277778085,50.01935126408647,seller,None,4.510236853753162,229,1679930700
d8488421cf4c05b76aad2f380a1356,7613b746244b1fae4257eb0d349801,1679931000,None,None,None,None,None,None,1679930700
789083bfaa449c9bfc95a7317000d6,4a956732e2464c94e1bef92f8a0254,1679930700,44.034577554125555,4.533487787234682,buyer,None,4.840036181762605,27,1679930700
e02dab782a4addafe082088522b1f5,4a956732e2464c94e1bef92f8a0254,1679930760,None,None,None,None,None,None,1679930700
ed874b8dc04ac3ae442145e06e06cf,02926f41744a18894ce1a3fab92df1,1679930700,3.943811365139349,50.563278084641965,buyer,None,5.562401611103656,8,1679930700
cc3fe925b74a41894f643143bd9757,02926f41744a18894ce1a3fab92df1,1679931000,None,None,None,None,None,None,1679930700
94ee722e354c239c31ab09c34b7dbc,3500e971ff4e25971f5fdb6fa188ad,1679930700,59.60329458051024,5.268878356155128,buyer,None,4.637725930449418,560,1679930700
f141707e9647f895633f3f16d5db94,3500e971ff4e25971f5fdb6fa188ad,1679930760,None,None,None,None,None,None,1679930700
130c6008fd424c8762095431d367e6,32ae396b574aec965547ec1359fefb,1679930760,41.06861141481673,4.700071079530491,seller,None,2.517790836075217,208,1679930760
54ae99a77c40d49e3db57c67652782,32ae396b574aec965547ec1359fefb,1679930820,None,None,None,None,None,None,1679930760
6040bda2cb48bfb89692960c5ef5b9,6b0479131a4e7c9ea952fbe017913c,1679930760,54.2611188273753,5.433534870883682,seller,None,4.401342001921966,632,1679930760
9dcdf903c14dd1a7f9853996e2ba3c,6b0479131a4e7c9ea952fbe017913c,1679930820,None,None,None,None,None,None,1679930760
0b6751882a4220833c1fabdf43f861,4a956732e2464c94e1bef92f8a0254,1679930760,29.941384559830095,4.339470089512672,seller,None,4.698760836569786,256,1679930760
33b057445e4bdf9699c0af84ffccec,4a956732e2464c94e1bef92f8a0254,1679930820,None,None,None,None,None,None,1679930760
91eabe14fd424a8eede863ab1e8221,3500e971ff4e25971f5fdb6fa188ad,1679930760,43.55991788331592,4.330731930532778,buyer,None,5.110821217886274,328,1679930760
67c98da19d44828c5e6c315eb76808,3500e971ff4e25971f5fdb6fa188ad,1679930820,None,None,None,None,None,None,1679930760
8cca4a614b4da08ee6cde2038f8573,32ae396b574aec965547ec1359fefb,1679930820,49.76028882424629,4.152139771120918,buyer,None,5.967037516388634,339,1679930820
b43b06e9fe449394fb0e99d477c99b,32ae396b574aec965547ec1359fefb,1679930880,None,None,None,None,None,None,1679930820
0ba9abe470405781b5eb06510bf073,6b0479131a4e7c9ea952fbe017913c,1679930820,40.12237956504423,6.748628758188432,seller,None,5.154175897580252,778,1679930820
079f4b025c4178a8065f30f037374c,6b0479131a4e7c9ea952fbe017913c,1679930880,None,None,None,None,None,None,1679930820
cf64b970eb42d6b85a16cea348020c,4a956732e2464c94e1bef92f8a0254,1679930820,64.98786603393518,3.818236006061369,buyer,None,4.386243665718842,861,1679930820
bc901a76ea416c9e485c24dc145aee,4a956732e2464c94e1bef92f8a0254,1679930880,None,None,None,None,None,None,1679930820
b8d06fd3bb48509e8135fe999bb1d4,3500e971ff4e25971f5fdb6fa188ad,1679930820,55.61039490476705,3.9293023254095134,seller,None,3.9994940339491087,696,1679930820
2d81e5388b409dbbca44cdf67e4da0,3500e971ff4e25971f5fdb6fa188ad,1679930880,None,None,None,None,None,None,1679930820
40374848644675920b186ec73e1d28,32ae396b574aec965547ec1359fefb,1679930880,40.10089841842422,7.0664167179586865,seller,None,4.254580212166179,24,1679930880
93adf4e58e485a82fb882c7e16b4a8,32ae396b574aec965547ec1359fefb,1679930940,None,None,None,None,None,None,1679930880
7305685bf24cf5827049241a222840,6b0479131a4e7c9ea952fbe017913c,1679930880,49.922068416098035,4.687562212761243,buyer,None,5.063453652076612,588,1679930880
a12a2d14944d26a798f3d53bbc6945,6b0479131a4e7c9ea952fbe017913c,1679930940,None,None,None,None,None,None,1679930880
35f2353ec54556b15395f322f7065e,4a956732e2464c94e1bef92f8a0254,1679930880,46.439731382361906,4.51749303288367,seller,None,4.661962839068546,630,1679930880
4cdcabcff3416cb181916e7d1f735b,4a956732e2464c94e1bef92f8a0254,1679930940,None,None,None,None,None,None,1679930880
4bf5f81db643aba0ab74af63360836,3500e971ff4e25971f5fdb6fa188ad,1679930880,51.75918671128645,2.866219527559136,buyer,None,5.6126056125930734,42,1679930880
6e365b31f340eda2a89221c8fdd97b,3500e971ff4e25971f5fdb6fa188ad,1679930940,None,None,None,None,None,None,1679930880
0a640234df4efab2d13eada86ce109,32ae396b574aec965547ec1359fefb,1679930940,55.866865631446146,7.235958323321995,seller,None,5.009094123378363,21,1679930940
f7de193fc14157b237da31c1449b89,32ae396b574aec965547ec1359fefb,1679931000,None,None,None,None,None,None,1679930940
cb5ceb2d9e423aa29309a9b18c46b4,6b0479131a4e7c9ea952fbe017913c,1679930940,65.69417088410432,3.4833773960859213,buyer,None,4.9558327905846475,870,1679930940
5a79da225848fba3d1523375ec37bb,6b0479131a4e7c9ea952fbe017913c,1679931000,None,None,None,None,None,None,1679930940
680f0ff778439a9bd4f8132b5cd382,4a956732e2464c94e1bef92f8a0254,1679930940,44.753080041749826,6.989917059383781,buyer,None,4.347670999030658,845,1679930940
db4f7fcf394098a4c852faa1f12e03,4a956732e2464c94e1bef92f8a0254,1679931000,None,None,None,None,None,None,1679930940
1f156e827248179c04452485172ec3,3500e971ff4e25971f5fdb6fa188ad,1679930940,49.20211088494639,3.473343188484969,buyer,None,5.004503773199435,117,1679930940
424d7d57514a7d9bb2112e562fc3a7,3500e971ff4e25971f5fdb6fa188ad,1679931000,None,None,None,None,None,None,1679930940
c8ee320f95409ca54b5660c455979f,9088c280144488b5d9f4acdb8f45c9,1679931000,5.14462498073141,49.48250284152883,buyer,None,5.190548720180587,684,1679931000
db2764d9614a9ca2e252c1d486319f,9088c280144488b5d9f4acdb8f45c9,1679931300,None,None,None,None,None,None,1679931000
e89b37f7dc4b63a9018eafc512c6df,32ae396b574aec965547ec1359fefb,1679931000,41.70825523421621,2.6791339549656894,buyer,None,7.101840692645643,384,1679931000
1f66c524f14a1cb0f69b525a9d4c4c,32ae396b574aec965547ec1359fefb,1679931060,None,None,None,None,None,None,1679931000
51e1fe5cd047d9af86c589b515ca47,a22b3a976c474f84262c7f018dec35,1679931000,4.105696915481788,50.010080159893285,buyer,None,5.445895639241907,532,1679931000
2ca209437b4e18bfb6f850f0bb7e91,a22b3a976c474f84262c7f018dec35,1679931300,None,None,None,None,None,None,1679931000
9e8c31ae454261b6982d53dabd9544,6b0479131a4e7c9ea952fbe017913c,1679931000,42.703799416089986,6.088582021795919,seller,None,5.619081970024707,388,1679931000
ea0a4cf0bf49b08051054fde4b6897,6b0479131a4e7c9ea952fbe017913c,1679931060,None,None,None,None,None,None,1679931000
bfba6838164ddb97c8a7b2baca534e,7613b746244b1fae4257eb0d349801,1679931000,5.3733840009524405,49.722702767970866,buyer,None,5.506015555098964,24,1679931000
3fd1c34ae84b66a20e0f041ce0f6cf,7613b746244b1fae4257eb0d349801,1679931300,None,None,None,None,None,None,1679931000
5a3e4729cc4049b5f122a32effc0ec,4a956732e2464c94e1bef92f8a0254,1679931000,40.67753749282172,4.857035035802895,buyer,None,4.496635519757457,948,1679931000
f8efcb9f3842948b7500307bedc10d,4a956732e2464c94e1bef92f8a0254,1679931060,None,None,None,None,None,None,1679931000
85ef3077dc4a0fadb503789ef9031b,02926f41744a18894ce1a3fab92df1,1679931000,4.568484675472471,49.9126029338374,buyer,None,4.263967973802266,116,1679931000
f63a464e6045c0a1df1ee8d6d7019a,02926f41744a18894ce1a3fab92df1,1679931300,None,None,None,None,None,None,1679931000
9e79d559bb44d99c19b247e1a7652c,3500e971ff4e25971f5fdb6fa188ad,1679931000,36.06606520643865,7.096503575308001,seller,None,4.910475502148259,678,1679931000
aa829b872b44b691e32dcd0f313a3b,3500e971ff4e25971f5fdb6fa188ad,1679931060,None,None,None,None,None,None,1679931000
1fa62831b94d2a8311e33048b1e01b,32ae396b574aec965547ec1359fefb,1679931060,55.35686366439852,5.485420680400392,buyer,None,5.07263602265785,236,1679931060
1c3c24001e424b89beb85d150e1676,32ae396b574aec965547ec1359fefb,1679931120,None,None,None,None,None,None,1679931060
01e7be88ad4d3fb14ba786c66cb31a,6b0479131a4e7c9ea952fbe017913c,1679931060,50.307151514529096,5.96055520814022,seller,None,4.519763584425284,590,1679931060
4afc7aba0044eb8c59cc718b60f38d,6b0479131a4e7c9ea952fbe017913c,1679931120,None,None,None,None,None,None,1679931060
00e704a42c4afe8afd68953848b410,4a956732e2464c94e1bef92f8a0254,1679931060,31.411697424436582,5.259471141792723,seller,None,5.149692920448439,535,1679931060
df25057fd14e1d8e554f1b93ce0b48,4a956732e2464c94e1bef92f8a0254,1679931120,None,None,None,None,None,None,1679931060
0cfe1110504965a373e864d651fca0,3500e971ff4e25971f5fdb6fa188ad,1679931060,46.69017626986073,2.7222291570581096,seller,None,3.506572834465992,569,1679931060
a8cb0a26a44964807a74ad47ca5f39,3500e971ff4e25971f5fdb6fa188ad,1679931120,None,None,None,None,None,None,1679931060
089496dccc4a78bcce59d1a70b29f7,32ae396b574aec965547ec1359fefb,1679931120,56.59266789910294,5.367568419906009,buyer,None,4.848486282055238,199,1679931120
8bbe24489d4fc59e891461c9908f8b,32ae396b574aec965547ec1359fefb,1679931180,None,None,None,None,None,None,1679931120
52039e333b46b488045bf0af07062a,6b0479131a4e7c9ea952fbe017913c,1679931120,49.59118054527658,6.176022390285797,buyer,None,6.254379846154719,679,1679931120
35e56ef08b46a0a8e12799735db588,6b0479131a4e7c9ea952fbe017913c,1679931180,None,None,None,None,None,None,1679931120
57ec1c8574421fbe71727c2a993109,4a956732e2464c94e1bef92f8a0254,1679931120,42.81237235005911,4.897396736523951,buyer,None,5.101019363001965,466,1679931120
41a3de16154db6b68db8d167d7087a,4a956732e2464c94e1bef92f8a0254,1679931180,None,None,None,None,None,None,1679931120
7a54bae8a84c1e9af6cb9f68aad4c7,3500e971ff4e25971f5fdb6fa188ad,1679931120,53.804011476395566,5.331711781076538,seller,None,3.83422450386054,725,1679931120
3e181fe5ee43e3bd21aaeff9a9fac3,3500e971ff4e25971f5fdb6fa188ad,1679931180,None,None,None,None,None,None,1679931120
44a6e785eb4731af2ed89951fa26e9,32ae396b574aec965547ec1359fefb,1679931180,45.01713786326225,4.735182680569981,buyer,None,4.894867954378379,347,1679931180
8cbb276a314bbdb4be15ed5a3c0824,32ae396b574aec965547ec1359fefb,1679931240,None,None,None,None,None,None,1679931180
e81475f92b48b087473ca913e778ae,6b0479131a4e7c9ea952fbe017913c,1679931180,45.37551197510729,4.237401518315854,buyer,None,6.6875390876686795,789,1679931180
673cf149ff48f19ea88e1dd2971a64,6b0479131a4e7c9ea952fbe017913c,1679931240,None,None,None,None,None,None,1679931180
e5d1af1b19426cbc00fdc4f8d467ef,4a956732e2464c94e1bef92f8a0254,1679931180,51.70107734179594,3.1744601197831113,seller,None,5.5312081110878815,740,1679931180
d190ddcaff4c46a82e4216167a9726,4a956732e2464c94e1bef92f8a0254,1679931240,None,None,None,None,None,None,1679931180
0298018a994663ac7d02729e77313d,3500e971ff4e25971f5fdb6fa188ad,1679931180,57.31422325039543,5.1452019394453465,seller,None,5.537462084874337,525,1679931180
ba6e53117b4ce097a4fdb45d105f0e,3500e971ff4e25971f5fdb6fa188ad,1679931240,None,None,None,None,None,None,1679931180
40a03e1aa1405baef8344633beb3df,32ae396b574aec965547ec1359fefb,1679931240,59.25595700070832,4.662157446211455,buyer,None,4.662141026302501,133,1679931240
18663127ac429bb6ed3b0e088e2523,32ae396b574aec965547ec1359fefb,1679931300,None,None,None,None,None,None,1679931240
c3b748876547698b4f34b7a2cf6405,6b0479131a4e7c9ea952fbe017913c,1679931240,47.25625200291642,5.050973556310372,buyer,None,4.88052845132179,732,1679931240
d4c9a2cfdf4f05bb37f45f9647f295,6b0479131a4e7c9ea952fbe017913c,1679931300,None,None,None,None,None,None,1679931240
6a0a0b679e44abbb61d65fcac817e4,4a956732e2464c94e1bef92f8a0254,1679931240,42.85768906456872,5.964816846334566,seller,None,6.14475220811292,848,1679931240
05bbd68128409eaa7e73896157742f,4a956732e2464c94e1bef92f8a0254,1679931300,None,None,None,None,None,None,1679931240
e770af442746e38e35c37c2bf167c4,3500e971ff4e25971f5fdb6fa188ad,1679931240,49.15338874003487,4.819790674038772,seller,None,5.024663075224615,890,1679931240
da170fb3d6467db466489aa11f0081,3500e971ff4e25971f5fdb6fa188ad,1679931300,None,None,None,None,None,None,1679931240
0851da7a8048db8242bcf6c897fead,9088c280144488b5d9f4acdb8f45c9,1679931300,4.862935293710618,52.179595915858904,seller,None,4.83659750995122,878,1679931300
b3fba863874b52aa1bd3870566b4d7,9088c280144488b5d9f4acdb8f45c9,1679931600,None,None,None,None,None,None,1679931300
029236526d4868acd37b2342abecce,32ae396b574aec965547ec1359fefb,1679931300,62.37614978968038,3.608451065199424,seller,None,4.147178527282791,627,1679931300
eb4d8277ce4a1884aa22ff098bcdba,32ae396b574aec965547ec1359fefb,1679931360,None,None,None,None,None,None,1679931300
39ec8da05745c0bf75424ee6c332f0,a22b3a976c474f84262c7f018dec35,1679931300,4.801035125836483,49.48969515017558,buyer,None,6.078968402423191,225,1679931300
cc70cbfab24c3199aa5d564f05a579,a22b3a976c474f84262c7f018dec35,1679931600,None,None,None,None,None,None,1679931300
ab4d95243348298a522802583507fd,6b0479131a4e7c9ea952fbe017913c,1679931300,64.9831492650803,5.465604233583744,buyer,None,4.797849357870966,187,1679931300
449e4c56e94f6c846b126379201198,6b0479131a4e7c9ea952fbe017913c,1679931360,None,None,None,None,None,None,1679931300
16f9404c99422e92a072fed9b03e0d,7613b746244b1fae4257eb0d349801,1679931300,4.107972023876379,50.399306903024694,buyer,None,4.914182422003439,865,1679931300
a33c5afc4d4bb687fdbc2e66e4c137,7613b746244b1fae4257eb0d349801,1679931600,None,None,None,None,None,None,1679931300
323031e2424ae2b43a161b8802ed9a,4a956732e2464c94e1bef92f8a0254,1679931300,48.73401915612443,5.341699616760804,buyer,None,5.202497908782923,191,1679931300
5d505f377e4a5387d4154218bc02b1,4a956732e2464c94e1bef92f8a0254,1679931360,None,None,None,None,None,None,1679931300
6fa0c91e1f41bcb8d72f94153d2ef2,02926f41744a18894ce1a3fab92df1,1679931300,4.326657531139405,49.50660789001985,buyer,None,4.834494285527302,705,1679931300
898eaedbda47ae92a0521a332bd0e6,02926f41744a18894ce1a3fab92df1,1679931600,None,None,None,None,None,None,1679931300
9066d369da4cc8909edece5ac8c66c,3500e971ff4e25971f5fdb6fa188ad,1679931300,29.089259033711784,6.267962246177632,seller,None,6.035574043758167,609,1679931300
bed68a543649c7b09d4ebcc2c77110,3500e971ff4e25971f5fdb6fa188ad,1679931360,None,None,None,None,None,None,1679931300
003d613d9d4b10a7dfc4bda876274c,32ae396b574aec965547ec1359fefb,1679931360,53.14659558813347,4.826934726677467,buyer,None,4.968856889732958,245,1679931360
b2d5fae97b402aaed95d53e64c1459,32ae396b574aec965547ec1359fefb,1679931420,None,None,None,None,None,None,1679931360
6390f7ad2a45d4af02e317d871ab78,6b0479131a4e7c9ea952fbe017913c,1679931360,63.324950535008604,6.840985810465568,buyer,None,4.535832471233543,67,1679931360
461b03ee6b4a85a0ccfe70d0686069,6b0479131a4e7c9ea952fbe017913c,1679931420,None,None,None,None,None,None,1679931360
7eaa84a3b54206af1ff6b22ec41916,4a956732e2464c94e1bef92f8a0254,1679931360,56.7318299355021,6.363103583764234,seller,None,5.0442716502970315,623,1679931360
c221f931154419938e369926430527,4a956732e2464c94e1bef92f8a0254,1679931420,None,None,None,None,None,None,1679931360
4f9d572faf4dc8bcce90b48eaf9049,3500e971ff4e25971f5fdb6fa188ad,1679931360,60.24241150566984,3.818391226602387,buyer,None,4.290460874339692,393,1679931360
aeac57f39c4d5e9647896521f5efa5,3500e971ff4e25971f5fdb6fa188ad,1679931420,None,None,None,None,None,None,1679931360
7699f0287d4b2aad92feebcd9e9ab0,32ae396b574aec965547ec1359fefb,1679931420,46.96021731723754,5.656854995800638,buyer,None,4.484890999720601,918,1679931420
46b39c36a64d218edcfc46b4676062,32ae396b574aec965547ec1359fefb,1679931480,None,None,None,None,None,None,1679931420
cd1b7d6dea4e6389238bf387b96d5d,6b0479131a4e7c9ea952fbe017913c,1679931420,58.18007308902784,5.566826783557547,buyer,None,4.613744028844538,89,1679931420
72d125edfa49ec8dbb96c3182272fd,6b0479131a4e7c9ea952fbe017913c,1679931480,None,None,None,None,None,None,1679931420
6f04b6f27343a09888126ac3016b4e,4a956732e2464c94e1bef92f8a0254,1679931420,47.116433831621805,3.7843102898781584,seller,None,5.359340222624937,237,1679931420
4bcc7c77d749f68bc395742bd48c87,4a956732e2464c94e1bef92f8a0254,1679931480,None,None,None,None,None,None,1679931420
9483d16e654bd78f2a20f9a1e080b8,3500e971ff4e25971f5fdb6fa188ad,1679931420,41.89712938502292,3.9028471727549787,seller,None,5.6783917400746935,327,1679931420
f80710a2594149816dc5bc9f6c1eec,3500e971ff4e25971f5fdb6fa188ad,1679931480,None,None,None,None,None,None,1679931420
ee83f5ed6f4642825fd47bf1bfaa22,32ae396b574aec965547ec1359fefb,1679931480,49.653804798073935,6.072344505184959,seller,None,4.098631665112329,231,1679931480
284066742946758a1c5f5981d5974c,32ae396b574aec965547ec1359fefb,1679931540,None,None,None,None,None,None,1679931480
7fcc457e71429bb30d386721f775f1,6b0479131a4e7c9ea952fbe017913c,1679931480,47.00413097924033,3.8840536767458813,buyer,None,4.734251826173782,413,1679931480
466b4b397e40788f559797ffd2c44b,6b0479131a4e7c9ea952fbe017913c,1679931540,None,None,None,None,None,None,1679931480
ca60336e1c4e15a4d007cd77c5a3ac,4a956732e2464c94e1bef92f8a0254,1679931480,62.09404301719965,4.089291777899339,buyer,None,5.698649224388435,316,1679931480
67c80af7874eca9d96155b2945277c,4a956732e2464c94e1bef92f8a0254,1679931540,None,None,None,None,None,None,1679931480
969178b9e74777b40ccd5bb6e35efe,3500e971ff4e25971f5fdb6fa188ad,1679931480,63.85578347257796,4.55437349673679,buyer,None,3.422164545575365,63,1679931480
9548d351884b5095a1d644dabde7fb,3500e971ff4e25971f5fdb6fa188ad,1679931540,None,None,None,None,None,None,1679931480
dfcd9df65749c387e8ed4626f5d2bb,32ae396b574aec965547ec1359fefb,1679931540,56.09924444506809,4.4816208954880965,buyer,None,5.308410178775884,150,1679931540
5e1829e1fa48c68257474dd8f41670,32ae396b574aec965547ec1359fefb,1679931600,None,None,None,None,None,None,1679931540
a1e44a8fd14e3ca80d0b48af78c3bf,6b0479131a4e7c9ea952fbe017913c,1679931540,64.61401905123114,3.5015770802383903,buyer,None,4.627128380054561,799,1679931540
7414ee1f294cf3ba5d19634c9799b2,6b0479131a4e7c9ea952fbe017913c,1679931600,None,None,None,None,None,None,1679931540
11974e6167447cacd7ce1779b497b0,4a956732e2464c94e1bef92f8a0254,1679931540,46.82909877325212,6.686773744916828,seller,None,4.354360534105439,590,1679931540
a604cca7814bf9a1f0ba53b5e3f180,4a956732e2464c94e1bef92f8a0254,1679931600,None,None,None,None,None,None,1679931540
34ae0fa0a74c8dabe193d9933642ea,3500e971ff4e25971f5fdb6fa188ad,1679931540,50.243716079337226,5.598050339135519,seller,None,5.166916282079996,17,1679931540
cd96eaef8c476ba8406cffe62f574c,3500e971ff4e25971f5fdb6fa188ad,1679931600,None,None,None,None,None,None,1679931540
1415718b0b477e854cbe0c8bd4f0f7,9088c280144488b5d9f4acdb8f45c9,1679931600,1.200836132436859,51.32027617725624,seller,None,6.594806651429683,326,1679931600
0d278137c84900ab97bb8c693b05e9,9088c280144488b5d9f4acdb8f45c9,1679931900,None,None,None,None,None,None,1679931600
5b712f89ad4e06916fbc409b6edd09,32ae396b574aec965547ec1359fefb,1679931600,43.31275826619912,2.7850195602983967,seller,None,6.107665268464583,956,1679931600
500a64655644a0a6f20ea0977d2005,32ae396b574aec965547ec1359fefb,1679931660,None,None,None,None,None,None,1679931600
079fa676e842dabfb6d7a807c962c6,a22b3a976c474f84262c7f018dec35,1679931600,4.694511449996934,49.07232925810419,seller,None,5.682856964133868,18,1679931600
68f25fa00a45b280b414bf0d21069d,a22b3a976c474f84262c7f018dec35,1679931900,None,None,None,None,None,None,1679931600
1d0e20ef7740ff822f7743c3cc22dd,6b0479131a4e7c9ea952fbe017913c,1679931600,45.91247008045664,4.4484022736391235,buyer,None,4.3471218485695555,249,1679931600
e9818dd1904b6b83f0ccc7420b3cb2,6b0479131a4e7c9ea952fbe017913c,1679931660,None,None,None,None,None,None,1679931600
b78709d7d84b0ea9ebd88bb2e7233e,7613b746244b1fae4257eb0d349801,1679931600,3.1693155548855927,49.90182309874185,buyer,None,5.533305662175668,189,1679931600
4afb5c409545088e92cc9927a9534f,7613b746244b1fae4257eb0d349801,1679931900,None,None,None,None,None,None,1679931600
67b326ae594d4a87de1f6c58fe18ff,4a956732e2464c94e1bef92f8a0254,1679931600,39.02914225869264,6.50335205043746,buyer,None,4.304526778355751,194,1679931600
62338ad0fa415e90fd8464e23bb9b9,4a956732e2464c94e1bef92f8a0254,1679931660,None,None,None,None,None,None,1679931600
7af799cac44133b1e1aa81c6a38cd6,02926f41744a18894ce1a3fab92df1,1679931600,5.150878647487521,49.79939912850001,buyer,None,5.656464751982081,568,1679931600
cff55c97a449679fe4eed818a4902b,02926f41744a18894ce1a3fab92df1,1679931900,None,None,None,None,None,None,1679931600
36925e8d0b4c9fa8147baffe4dd82f,3500e971ff4e25971f5fdb6fa188ad,1679931600,48.64538277754603,4.5099402216818305,buyer,None,6.136486067575242,467,1679931600
6a3d2c882c4ed6a557a215b85e4018,3500e971ff4e25971f5fdb6fa188ad,1679931660,None,None,None,None,None,None,1679931600
7727a1c6824243a7e24fef180305da,32ae396b574aec965547ec1359fefb,1679931660,47.291561575465416,2.415884155198268,buyer,None,2.5872619557074703,905,1679931660
de0f09d8644f53ab41facd0d6513f6,32ae396b574aec965547ec1359fefb,1679931720,None,None,None,None,None,None,1679931660
9a364ef5544d1d975c0f28bff7f1bc,6b0479131a4e7c9ea952fbe017913c,1679931660,47.37872462334624,5.597797674961851,seller,None,6.789292827522704,502,1679931660
d9aa1c82244f47adb89aed994fcd32,6b0479131a4e7c9ea952fbe017913c,1679931720,None,None,None,None,None,None,1679931660
cd650f6b2d4be2a440114231f6cb9a,4a956732e2464c94e1bef92f8a0254,1679931660,43.951539236037284,3.8052629433735894,seller,None,5.249454937256729,541,1679931660
04a8235cdc4f9b8c7b096b23ae7828,4a956732e2464c94e1bef92f8a0254,1679931720,None,None,None,None,None,None,1679931660
43c70663c84ecebd72c6d9f5278b71,3500e971ff4e25971f5fdb6fa188ad,1679931660,45.50534524273181,5.150023335936841,seller,None,4.91218878168692,756,1679931660
d0abf3f0ed4033b115e01c91e8d66c,3500e971ff4e25971f5fdb6fa188ad,1679931720,None,None,None,None,None,None,1679931660
aa3f3ea34b4ab4b0d1e2bfbdb9e660,32ae396b574aec965547ec1359fefb,1679931720,65.77661269892548,3.0368970204361005,buyer,None,4.896182869863247,183,1679931720
d59bf6f32f46a29ad1d6a298ac8337,32ae396b574aec965547ec1359fefb,1679931780,None,None,None,None,None,None,1679931720
8c266aa3084ccda97d73dfbe4342c4,6b0479131a4e7c9ea952fbe017913c,1679931720,39.53617384278792,5.806716793861485,buyer,None,5.438653596178995,492,1679931720
a64435534548f098ee6404d3fc04cd,6b0479131a4e7c9ea952fbe017913c,1679931780,None,None,None,None,None,None,1679931720
2d59094c7547bab52d8231394c8a09,4a956732e2464c94e1bef92f8a0254,1679931720,57.60479983465251,4.554576090703143,buyer,None,4.155310703007632,799,1679931720
5d0dc7bff54c7dbacf8a6b96aa47bd,4a956732e2464c94e1bef92f8a0254,1679931780,None,None,None,None,None,None,1679931720
78c58ce2ad44a3b49d97aa34697024,3500e971ff4e25971f5fdb6fa188ad,1679931720,42.86993139329917,6.3916280796039695,buyer,None,4.579853818614427,175,1679931720
e52e3a70df45ad8093bd07634e0c80,3500e971ff4e25971f5fdb6fa188ad,1679931780,None,None,None,None,None,None,1679931720
13a7f07c654caf905226a6075a53db,32ae396b574aec965547ec1359fefb,1679931780,56.71984215580345,5.150628554521978,buyer,None,4.455123621168836,538,1679931780
36ea4336e14a8d9dc9345c620fcaef,32ae396b574aec965547ec1359fefb,1679931840,None,None,None,None,None,None,1679931780
91a442d52b40e6bf3a06f019d3881c,6b0479131a4e7c9ea952fbe017913c,1679931780,38.60090765493934,3.9462180710878014,buyer,None,4.537757896940627,456,1679931780
3a3f2ed4ce4835a619da2c4c864361,6b0479131a4e7c9ea952fbe017913c,1679931840,None,None,None,None,None,None,1679931780
6e105f904a45e5a1a1a6dfc1870db8,4a956732e2464c94e1bef92f8a0254,1679931780,41.20741915475364,6.073260247530799,seller,None,5.729861880371438,422,1679931780
3e436fe68343f69436d0d5a226b9c4,4a956732e2464c94e1bef92f8a0254,1679931840,None,None,None,None,None,None,1679931780
9feb7b560a4c31acd0e311bb76e203,3500e971ff4e25971f5fdb6fa188ad,1679931780,50.1220808097937,4.780716880659353,seller,None,5.823051994716666,897,1679931780
24305e27bf401297bd9e53163ffb9d,3500e971ff4e25971f5fdb6fa188ad,1679931840,None,None,None,None,None,None,1679931780
f2afeb175747f590c9e10e3668f99f,32ae396b574aec965547ec1359fefb,1679931840,62.929288436756295,4.4325597808880985,seller,None,3.157859740847928,317,1679931840
84a9b757364a09ae160caaad37fa7e,32ae396b574aec965547ec1359fefb,1679931900,None,None,None,None,None,None,1679931840
44a54e4a7648fdb1e7328b85c48a8b,6b0479131a4e7c9ea952fbe017913c,1679931840,61.9238136996964,5.038025102765546,buyer,None,4.683608617052018,337,1679931840
be55e459bf433f806bc40627c87f78,6b0479131a4e7c9ea952fbe017913c,1679931900,None,None,None,None,None,None,1679931840
1678f7a4264277ac9098ed3aaba436,4a956732e2464c94e1bef92f8a0254,1679931840,56.30407443979463,5.370008064252902,buyer,None,4.709251155102069,50,1679931840
d30dccd1c4403baf265c7734357c2e,4a956732e2464c94e1bef92f8a0254,1679931900,None,None,None,None,None,None,1679931840
5118ae4c184aecb726106e9e55cc0b,3500e971ff4e25971f5fdb6fa188ad,1679931840,67.33513234520598,4.010456170000349,seller,None,6.119353690456792,396,1679931840
db5be152934d8faa834a23d16f2384,3500e971ff4e25971f5fdb6fa188ad,1679931900,None,None,None,None,None,None,1679931840
1ceed95b8540b5a75940a4a0252331,9088c280144488b5d9f4acdb8f45c9,1679931900,4.155363212503983,49.99010922786983,buyer,None,6.506855907896831,528,1679931900
85cb02a6fc41d6a8d321998f792eaa,9088c280144488b5d9f4acdb8f45c9,1679932200,None,None,None,None,None,None,1679931900
5dcf1da23e4faf8036936f4c209e06,32ae396b574aec965547ec1359fefb,1679931900,50.474165212609904,5.503664826006789,seller,None,4.845251165386739,610,1679931900
6034c250ac4bf8a4889821a04c109a,32ae396b574aec965547ec1359fefb,1679931960,None,None,None,None,None,None,1679931900
eac71d47ed4400a0fab2cc8064a252,a22b3a976c474f84262c7f018dec35,1679931900,4.268315539660431,49.59692293315488,buyer,None,5.364823747260518,978,1679931900
e2ed2c73594dc5b918a59c68b39288,a22b3a976c474f84262c7f018dec35,1679932200,None,None,None,None,None,None,1679931900
7c3f14205244888f1402f45b9c0f8a,6b0479131a4e7c9ea952fbe017913c,1679931900,51.83701670478421,6.95658699025609,buyer,None,3.775031881001702,679,1679931900
2794fc0dd64a8986d8f432a00562b7,6b0479131a4e7c9ea952fbe017913c,1679931960,None,None,None,None,None,None,1679931900
cd461f9d5244748238a0da307cf4c0,7613b746244b1fae4257eb0d349801,1679931900,4.7716435820271546,50.03648407383674,buyer,None,4.323232868007298,945,1679931900
ccf1aa8a8a443a804ea4c96082418e,7613b746244b1fae4257eb0d349801,1679932200,None,None,None,None,None,None,1679931900
85c83b15fa448fb7dfa8f85e96f799,4a956732e2464c94e1bef92f8a0254,1679931900,61.49273433699506,4.271557575662657,buyer,None,2.482771097706204,506,1679931900
1b1e4f77ea4e308c62250af7e1295c,4a956732e2464c94e1bef92f8a0254,1679931960,None,None,None,None,None,None,1679931900
ddb57d291c4228a4fb652e6f28d286,02926f41744a18894ce1a3fab92df1,1679931900,2.7641250919787597,50.782138224649074,buyer,None,3.946654768886133,416,1679931900
c0d8c9670d41738176293e8b7cabe7,02926f41744a18894ce1a3fab92df1,1679932200,None,None,None,None,None,None,1679931900
cfdbd7b3dc46ccaa417a8c556d9841,3500e971ff4e25971f5fdb6fa188ad,1679931900,55.571470243220695,5.933823446534767,seller,None,4.929211171613428,576,1679931900
3a10e0a3084580ba03da9d10469446,3500e971ff4e25971f5fdb6fa188ad,1679931960,None,None,None,None,None,None,1679931900
f858ada8d2467f9f85a2e8a725d6be,32ae396b574aec965547ec1359fefb,1679931960,54.57622011432398,5.499181204188748,buyer,None,4.554928810703407,982,1679931960
84892257aa4371a663458cbdc6bcfa,32ae396b574aec965547ec1359fefb,1679932020,None,None,None,None,None,None,1679931960
56ac81b3ee493f9430919ff97187e4,6b0479131a4e7c9ea952fbe017913c,1679931960,67.39748851681213,1.8787086489217275,buyer,None,5.044619560634122,713,1679931960
d4a0eec6da479f89d8adfe7dedcab1,6b0479131a4e7c9ea952fbe017913c,1679932020,None,None,None,None,None,None,1679931960
a09a0c3dd941c3bd31d9366d3ae9c2,4a956732e2464c94e1bef92f8a0254,1679931960,49.57087680800451,5.335449939550019,seller,None,4.429124333197818,466,1679931960
1163238e5145f99fe16b3547eecce0,4a956732e2464c94e1bef92f8a0254,1679932020,None,None,None,None,None,None,1679931960
7094a204344dd78193c81118a842fe,3500e971ff4e25971f5fdb6fa188ad,1679931960,31.14226531134755,4.582808967911666,buyer,None,4.953750961006249,117,1679931960
1a72f4badb4e3bbc882086d99ad52b,3500e971ff4e25971f5fdb6fa188ad,1679932020,None,None,None,None,None,None,1679931960
3b4bb237c849258987bf3480169a16,32ae396b574aec965547ec1359fefb,1679932020,46.146949266531585,4.198902661775472,buyer,None,5.999660252792619,86,1679932020
259ea1c07047af8fdeb8fb7a0b2e8a,32ae396b574aec965547ec1359fefb,1679932080,None,None,None,None,None,None,1679932020
4c67652d8a436bba62c125f85ee52b,6b0479131a4e7c9ea952fbe017913c,1679932020,50.110407820328334,3.9562212654104325,buyer,None,6.4986079125369,218,1679932020
bf0601644c4cbc91feaf81cdbb4ce9,6b0479131a4e7c9ea952fbe017913c,1679932080,None,None,None,None,None,None,1679932020
b20491b89d490abc1af524adbcc12c,4a956732e2464c94e1bef92f8a0254,1679932020,51.83684602283721,7.00390090262589,seller,None,6.217336368315065,311,1679932020
5457553fad4479a57e4d5d7f4f58bd,4a956732e2464c94e1bef92f8a0254,1679932080,None,None,None,None,None,None,1679932020
b5f6ea921e4b1d8934e45e07ea66f8,3500e971ff4e25971f5fdb6fa188ad,1679932020,45.24858235188639,6.553290367474092,seller,None,6.110405061943534,651,1679932020
24e3c1ef9646018847e05df9e6cad7,3500e971ff4e25971f5fdb6fa188ad,1679932080,None,None,None,None,None,None,1679932020
05176a2a144a5e8e7d96419e307fb6,32ae396b574aec965547ec1359fefb,1679932080,58.75003040766286,4.554537847203452,seller,None,4.678556148227313,598,1679932080
a7c959da1846d29741032864824f20,32ae396b574aec965547ec1359fefb,1679932140,None,None,None,None,None,None,1679932080
59ce9a570d47979fce6fbbc0fe7655,6b0479131a4e7c9ea952fbe017913c,1679932080,60.184162006605476,5.375896953668494,seller,None,5.1441888710954675,240,1679932080
dbb0d4f2974afea6a7de4a5ad44d04,6b0479131a4e7c9ea952fbe017913c,1679932140,None,None,None,None,None,None,1679932080
806ab9f1804faf9fb832a8245748df,4a956732e2464c94e1bef92f8a0254,1679932080,47.45725507187259,4.771640690671282,seller,None,4.088319927031595,687,1679932080
6eb5a1be2b42faafa3c3db688b770b,4a956732e2464c94e1bef92f8a0254,1679932140,None,None,None,None,None,None,1679932080
b81206990b47a18528114e4c6b1c44,3500e971ff4e25971f5fdb6fa188ad,1679932080,42.93755961692998,5.045728324940068,buyer,None,4.555675798052972,769,1679932080
79289efd7041eeaa500b2f6192ae27,3500e971ff4e25971f5fdb6fa188ad,1679932140,None,None,None,None,None,None,1679932080
31d1a4bd2148089a4986a7deedd54c,32ae396b574aec965547ec1359fefb,1679932140,54.49048789715496,5.840273124548547,buyer,None,3.2442663687062696,513,1679932140
7e39a4fa1142db8b0de0911cc99aa9,32ae396b574aec965547ec1359fefb,1679932200,None,None,None,None,None,None,1679932140
313c6602f34bd09f53d15f6258b4b9,6b0479131a4e7c9ea952fbe017913c,1679932140,35.85100821986907,5.279662174433225,buyer,None,5.803192335622166,688,1679932140
37a863f72b4d7ca8f6db5e7736d322,6b0479131a4e7c9ea952fbe017913c,1679932200,None,None,None,None,None,None,1679932140
63f98bba8c4f7598441454012e1df0,4a956732e2464c94e1bef92f8a0254,1679932140,47.13177532150138,4.780944117768164,buyer,None,5.847620964468389,83,1679932140
2ab0cf07f04587851e1ce33e1be450,4a956732e2464c94e1bef92f8a0254,1679932200,None,None,None,None,None,None,1679932140
013fe70e1f4d40ae019059d126e09a,3500e971ff4e25971f5fdb6fa188ad,1679932140,57.81156037809002,4.894319161997722,seller,None,3.802127352284575,62,1679932140
18411ae1004ed28775a63bd2cfadff,3500e971ff4e25971f5fdb6fa188ad,1679932200,None,None,None,None,None,None,1679932140
62a0df31234b7f963f58dcf2d4f18f,9088c280144488b5d9f4acdb8f45c9,1679932200,5.622891211259791,50.18212360572453,buyer,None,6.784923602407204,556,1679932200
bb8b2a293e4a16ae1e8ad21f84f3c4,9088c280144488b5d9f4acdb8f45c9,1679932500,None,None,None,None,None,None,1679932200
cc63a518e04785bae78d76bd5cb48d,32ae396b574aec965547ec1359fefb,1679932200,58.48085402932345,5.028779854056573,seller,None,5.9049233979184494,632,1679932200
7c32eeb6da48a4b91631ca8e4ea101,32ae396b574aec965547ec1359fefb,1679932260,None,None,None,None,None,None,1679932200
791d6e431e43a99bf6ed8f6cbca515,a22b3a976c474f84262c7f018dec35,1679932200,5.39102862809126,50.206622675386306,seller,None,6.138495063181298,627,1679932200
fec2339b5444678ecaf197cf13d330,a22b3a976c474f84262c7f018dec35,1679932500,None,None,None,None,None,None,1679932200
0e8c5a06b14b21acfcff2821ecfd73,6b0479131a4e7c9ea952fbe017913c,1679932200,67.02162481697522,2.4939957244421826,seller,None,4.113843743675553,973,1679932200
ad743b382343aabfc4bb76a3d3d020,6b0479131a4e7c9ea952fbe017913c,1679932260,None,None,None,None,None,None,1679932200
a2e49922b143efb2a256ea1226c4d3,7613b746244b1fae4257eb0d349801,1679932200,5.562660339081495,51.1739366543118,buyer,None,5.607600641184215,924,1679932200
35aa7bc82f4442bcfb3c8f2cddd0a0,7613b746244b1fae4257eb0d349801,1679932500,None,None,None,None,None,None,1679932200
6f25ce869045e6bd15548caf745d6b,4a956732e2464c94e1bef92f8a0254,1679932200,23.699026579437295,5.898196640439324,buyer,None,4.650193928077069,727,1679932200
523251974f44eda52465cffa3c2c08,4a956732e2464c94e1bef92f8a0254,1679932260,None,None,None,None,None,None,1679932200
5bd6eba2a34c69a26e113d39773d2a,02926f41744a18894ce1a3fab92df1,1679932200,4.638915549893677,49.501702113960214,seller,None,3.9152449031864514,289,1679932200
6c8f91ca694df2aaaeb2338e8fbb0d,02926f41744a18894ce1a3fab92df1,1679932500,None,None,None,None,None,None,1679932200
8f668281f843f0bae0669c8dc68fe0,3500e971ff4e25971f5fdb6fa188ad,1679932200,64.75257072975239,3.801218810097229,seller,None,6.45597108202076,977,1679932200
afa15dedc04351ad6f1effc64979b3,3500e971ff4e25971f5fdb6fa188ad,1679932260,None,None,None,None,None,None,1679932200
192936deea466b80d0f7c93b618967,32ae396b574aec965547ec1359fefb,1679932260,48.771392497608424,4.3047484939753495,buyer,None,3.8205097017274516,625,1679932260
18d36d449d4484816058325ef44c38,32ae396b574aec965547ec1359fefb,1679932320,None,None,None,None,None,None,1679932260
c8a9f9e8e44f6e8e78de6bb777dec7,6b0479131a4e7c9ea952fbe017913c,1679932260,54.39445133882983,4.548421461526648,buyer,None,6.147835874981529,876,1679932260
0432555b84490980f0ea9583d9af0c,6b0479131a4e7c9ea952fbe017913c,1679932320,None,None,None,None,None,None,1679932260
d436e2e07449ad97b86fba76883cfa,4a956732e2464c94e1bef92f8a0254,1679932260,58.77765228634728,4.437398271910044,seller,None,5.668909430681542,983,1679932260
216ba6ddf849f18f8db909c906a064,4a956732e2464c94e1bef92f8a0254,1679932320,None,None,None,None,None,None,1679932260
dbcbe6a0ff4749a3d5b3d6bfb94286,3500e971ff4e25971f5fdb6fa188ad,1679932260,58.77622600463717,6.698940096604019,seller,None,6.753384816054739,607,1679932260
1056db55074bbfb8c203d73c9ab477,3500e971ff4e25971f5fdb6fa188ad,1679932320,None,None,None,None,None,None,1679932260
fc4473e194461abbe3d1713eafd6f0,32ae396b574aec965547ec1359fefb,1679932320,66.25178105353027,7.067985861589837,seller,None,4.915914384303015,936,1679932320
b853b263b447f1a5450d4aa3a1499a,32ae396b574aec965547ec1359fefb,1679932380,None,None,None,None,None,None,1679932320
a698fc13904eb5ae3d71db3e549d51,6b0479131a4e7c9ea952fbe017913c,1679932320,63.51064832970037,4.754169445968873,buyer,None,5.2112752013760755,967,1679932320
d3453643044312b2b952080f24daa4,6b0479131a4e7c9ea952fbe017913c,1679932380,None,None,None,None,None,None,1679932320
d7887d6a244d1880bc8c5ac126a625,4a956732e2464c94e1bef92f8a0254,1679932320,39.012858095228545,5.129406861833089,seller,None,5.355506293701612,653,1679932320
03d7f028e94159bfe2608b180b86c8,4a956732e2464c94e1bef92f8a0254,1679932380,None,None,None,None,None,None,1679932320
f78905ddaf4a77904d28345467c43b,3500e971ff4e25971f5fdb6fa188ad,1679932320,56.786083527271984,4.8116986678373355,seller,None,4.226058283663084,469,1679932320
dbb057d5084be59c106a5131681240,3500e971ff4e25971f5fdb6fa188ad,1679932380,None,None,None,None,None,None,1679932320
475f8eb3ee4c158d974a64aa4bd7b5,32ae396b574aec965547ec1359fefb,1679932380,32.53413463980098,5.505591358713935,seller,None,5.312787345380826,46,1679932380
e6618b145a4b56800fa6dad56f82b4,32ae396b574aec965547ec1359fefb,1679932440,None,None,None,None,None,None,1679932380
a39fab4b164e7fa546bf7a52dbee51,6b0479131a4e7c9ea952fbe017913c,1679932380,44.29024300720603,3.164250235226345,buyer,None,4.0527169749227685,751,1679932380
486d840f224816805358462682c023,6b0479131a4e7c9ea952fbe017913c,1679932440,None,None,None,None,None,None,1679932380
a3fcfddc544840a33e44b089be588f,4a956732e2464c94e1bef92f8a0254,1679932380,50.50501781467974,4.2327542305188075,seller,None,4.97578193617635,591,1679932380
6ee18853494868a03883208804d8d8,4a956732e2464c94e1bef92f8a0254,1679932440,None,None,None,None,None,None,1679932380
1b1dc275594748aec46260a1d43510,3500e971ff4e25971f5fdb6fa188ad,1679932380,66.11065009172977,6.524170982792851,buyer,None,5.2001697230343575,454,1679932380
7392ca582843079a8a7d9bc255f0da,3500e971ff4e25971f5fdb6fa188ad,1679932440,None,None,None,None,None,None,1679932380
c3905864ae4a38b0660ef0245ebc19,32ae396b574aec965547ec1359fefb,1679932440,29.11509239505373,4.904401972970718,seller,None,4.460011967721304,456,1679932440
e8fb5d07184d659de9935cd9e8a9ef,32ae396b574aec965547ec1359fefb,1679932500,None,None,None,None,None,None,1679932440
9d88f95c8d43de9441d3bce1ccaa2b,6b0479131a4e7c9ea952fbe017913c,1679932440,48.771284769379605,3.737879430167453,seller,None,3.422246475602245,370,1679932440
825e3a051f4261821ce6856d7f1e51,6b0479131a4e7c9ea952fbe017913c,1679932500,None,None,None,None,None,None,1679932440
b18c03221c49698c7483be35a72af7,4a956732e2464c94e1bef92f8a0254,1679932440,39.171018587029224,3.9428756398089106,buyer,None,4.956477475122111,244,1679932440
5969318c5044138966a07e3fcf381b,4a956732e2464c94e1bef92f8a0254,1679932500,None,None,None,None,None,None,1679932440
3f9c1028714fbbbe35c449dd37c89c,3500e971ff4e25971f5fdb6fa188ad,1679932440,59.25987613018118,5.727497696924987,seller,None,4.364596187035905,997,1679932440
e1d1a7064f4764a258b4eb5b70569b,3500e971ff4e25971f5fdb6fa188ad,1679932500,None,None,None,None,None,None,1679932440
7c76d74bb64366b31497dfc23dac4e,9088c280144488b5d9f4acdb8f45c9,1679932500,3.2567734419893335,50.14301451300714,buyer,None,5.601509643922526,889,1679932500
d81c15570d4d3b97eb45fe68fa182b,9088c280144488b5d9f4acdb8f45c9,1679932800,None,None,None,None,None,None,1679932500
597371ac04447dac16dc3642c3ba39,32ae396b574aec965547ec1359fefb,1679932500,48.11961712591446,6.180663041338562,buyer,None,2.9103934819124158,513,1679932500
c3b5addd204011af423cee1eca146e,32ae396b574aec965547ec1359fefb,1679932560,None,None,None,None,None,None,1679932500
21348582ff499393a906ecc08736fd,a22b3a976c474f84262c7f018dec35,1679932500,6.389951085816006,50.3909136527894,buyer,None,5.90952953497387,867,1679932500
979264223d41c2be70f9e7205ede64,a22b3a976c474f84262c7f018dec35,1679932800,None,None,None,None,None,None,1679932500
aad38140324357b8e834ce4518f5cf,6b0479131a4e7c9ea952fbe017913c,1679932500,38.51926647416286,5.392693677365904,buyer,None,6.076755841850224,522,1679932500
e86b5a354347c8b98c5d9779f35fd1,6b0479131a4e7c9ea952fbe017913c,1679932560,None,None,None,None,None,None,1679932500
06170a8fab4deba2fc7e46df514689,7613b746244b1fae4257eb0d349801,1679932500,5.364029021093466,50.05286735605729,seller,None,6.116294872907521,731,1679932500
6be2f0340a4c51b35c42c10f2b4745,7613b746244b1fae4257eb0d349801,1679932800,None,None,None,None,None,None,1679932500
cdbef90dbd489cb315881c54de6767,4a956732e2464c94e1bef92f8a0254,1679932500,67.58244728221678,4.133694917346372,seller,None,6.088278440400814,938,1679932500
ce131f52874f04825f27f9ff4cb9f5,4a956732e2464c94e1bef92f8a0254,1679932560,None,None,None,None,None,None,1679932500
c2cd65e8e14a3e863fd6fbd87de9f7,02926f41744a18894ce1a3fab92df1,1679932500,4.274545325618686,51.52852272172847,buyer,None,6.0536663692051516,850,1679932500
12ff1d97b54cba9300b21b0fe5b233,02926f41744a18894ce1a3fab92df1,1679932800,None,None,None,None,None,None,1679932500
5b6086e8e043cd92d63ff4dc701e24,3500e971ff4e25971f5fdb6fa188ad,1679932500,43.60161600901458,4.328808371136284,buyer,None,5.039817654744562,123,1679932500
8bc4d159cf4159a7bad1baa240e42f,3500e971ff4e25971f5fdb6fa188ad,1679932560,None,None,None,None,None,None,1679932500
f9abadecdc4511a77384501fe8e3a6,32ae396b574aec965547ec1359fefb,1679932560,42.881988714224775,4.855561449653559,buyer,None,3.8699166217001,790,1679932560
38e8b3b82d4d6f8f8fd8b8a4fc7efd,32ae396b574aec965547ec1359fefb,1679932620,None,None,None,None,None,None,1679932560
889f895b1142de91483feb4dcc6b39,6b0479131a4e7c9ea952fbe017913c,1679932560,42.54135137072728,3.5636107105988573,seller,None,4.772997726055723,639,1679932560
ea9d06c5c94c8cb3844547f2092813,6b0479131a4e7c9ea952fbe017913c,1679932620,None,None,None,None,None,None,1679932560
175b02e40141859c8d5efbff82af2f,4a956732e2464c94e1bef92f8a0254,1679932560,56.556573187694205,4.861003980404535,seller,None,5.383145313186009,761,1679932560
59aac5da33476baa0e71fc9b6e9039,4a956732e2464c94e1bef92f8a0254,1679932620,None,None,None,None,None,None,1679932560
034e98d4dc4270838503c1b0b9a706,3500e971ff4e25971f5fdb6fa188ad,1679932560,65.27793092830126,3.616482122098902,buyer,None,4.6800626737739455,510,1679932560
6d0514c6e54d45b6a6d9edbeab5850,3500e971ff4e25971f5fdb6fa188ad,1679932620,None,None,None,None,None,None,1679932560
a2c124ed364309a4e287707b94cd72,32ae396b574aec965547ec1359fefb,1679932620,60.4518136090036,5.5465790990357355,buyer,None,5.0111718232902716,381,1679932620
16279fe51349ec97c4e2878d5bbd08,32ae396b574aec965547ec1359fefb,1679932680,None,None,None,None,None,None,1679932620
7ebfe1f0e948c29aef95d5143a2688,6b0479131a4e7c9ea952fbe017913c,1679932620,53.981829066523396,4.188513848785659,buyer,None,4.408171611068799,79,1679932620
b5da534f30460eb2ad8f29d7f80ad8,6b0479131a4e7c9ea952fbe017913c,1679932680,None,None,None,None,None,None,1679932620
5fc2a51aee41008e8f5875436603d6,4a956732e2464c94e1bef92f8a0254,1679932620,50.15301313659595,4.461784192659531,buyer,None,5.548141322645445,609,1679932620
f421f66619486592032441f6f761d8,4a956732e2464c94e1bef92f8a0254,1679932680,None,None,None,None,None,None,1679932620
0a265eabfb4ced93702292ba74ae4f,3500e971ff4e25971f5fdb6fa188ad,1679932620,55.87056857643872,6.20803917774537,buyer,None,3.750558642068176,724,1679932620
71cb502b0d4889843ce67410e718f7,3500e971ff4e25971f5fdb6fa188ad,1679932680,None,None,None,None,None,None,1679932620
5a68427be546de92439057dc10a24e,32ae396b574aec965547ec1359fefb,1679932680,49.172894854405946,6.460854835986019,seller,None,5.2265090858906,113,1679932680
06ea9301a14ada87fe84041da5fdb9,32ae396b574aec965547ec1359fefb,1679932740,None,None,None,None,None,None,1679932680
ce124fbd014fa580d22c01a4dd4506,6b0479131a4e7c9ea952fbe017913c,1679932680,54.87863129418777,7.149078002600204,seller,None,3.906992309092489,163,1679932680
af78501b7642429ef161d6cae1d9a4,6b0479131a4e7c9ea952fbe017913c,1679932740,None,None,None,None,None,None,1679932680
3b528fc03f4dd0813b8451d71ae539,4a956732e2464c94e1bef92f8a0254,1679932680,46.437698502275765,5.411041731965048,seller,None,4.827960658729181,930,1679932680
c9a2027d624952a2629bc536e8f5b5,4a956732e2464c94e1bef92f8a0254,1679932740,None,None,None,None,None,None,1679932680
7235a6ebef49c39b8d67329a934a2c,3500e971ff4e25971f5fdb6fa188ad,1679932680,38.475605040023396,4.512740669804497,seller,None,4.900892509517774,503,1679932680
16db68ac724287b8be91d9b0a315bc,3500e971ff4e25971f5fdb6fa188ad,1679932740,None,None,None,None,None,None,1679932680
68748f720a4bb48cc6ae6c98a6fc79,32ae396b574aec965547ec1359fefb,1679932740,51.210664509996775,5.71692826019361,seller,None,5.6323333292766105,15,1679932740
06114c3c164a39becaf92a2f2cf3e3,32ae396b574aec965547ec1359fefb,1679932800,None,None,None,None,None,None,1679932740
f7fee5550e43f1a4b9012f48300da6,6b0479131a4e7c9ea952fbe017913c,1679932740,50.07486899810961,4.518855240733821,seller,None,4.956683492683745,672,1679932740
757032bc64448bb2861bf29f4efb20,6b0479131a4e7c9ea952fbe017913c,1679932800,None,None,None,None,None,None,1679932740
1deae40d124af597cbb9af5ea5bbe4,4a956732e2464c94e1bef92f8a0254,1679932740,26.082505482146672,6.436971363431196,seller,None,5.967588884554118,931,1679932740
33e6d3528244dbab5a157f66128918,4a956732e2464c94e1bef92f8a0254,1679932800,None,None,None,None,None,None,1679932740
f41d44121043179a23621632854b02,3500e971ff4e25971f5fdb6fa188ad,1679932740,42.374159852077995,5.078900237378824,seller,None,4.140790189147649,854,1679932740
fe524871e8450d84e223d15596e859,3500e971ff4e25971f5fdb6fa188ad,1679932800,None,None,None,None,None,None,1679932740
6257050b5b467a872b9d29205c3c9e,9088c280144488b5d9f4acdb8f45c9,1679932800,3.79442495691226,51.048138029862514,seller,None,4.4343758811292755,664,1679932800
62a33ea868421aa34406bb05c53d32,9088c280144488b5d9f4acdb8f45c9,1679933100,None,None,None,None,None,None,1679932800
d66ca7e4d44b7b91747c39a70d7f62,32ae396b574aec965547ec1359fefb,1679932800,55.92272519315042,5.0032420910055855,seller,None,4.673937793976929,882,1679932800
70927613ac4091ba820913a327f933,32ae396b574aec965547ec1359fefb,1679932860,None,None,None,None,None,None,1679932800
a32ffd339a4cba9854866bfb3b10a3,a22b3a976c474f84262c7f018dec35,1679932800,4.4267586616846675,50.7791990098028,buyer,None,5.2977963897399825,729,1679932800
41716f14b74474b51eefa9ece50d9f,a22b3a976c474f84262c7f018dec35,1679933100,None,None,None,None,None,None,1679932800
9365354bf84b4bacd9ea544b63e480,6b0479131a4e7c9ea952fbe017913c,1679932800,61.909909419835884,6.34665329046253,buyer,None,5.8216144111987695,30,1679932800
3330622745411ea9e3b0a771902e66,6b0479131a4e7c9ea952fbe017913c,1679932860,None,None,None,None,None,None,1679932800
267a6125624c6886da442ed7d6ca7e,7613b746244b1fae4257eb0d349801,1679932800,4.405575169054301,50.322851454346015,buyer,None,5.469340622265392,615,1679932800
00540cf2a54b35bd71e1b1d8f99e2e,7613b746244b1fae4257eb0d349801,1679933100,None,None,None,None,None,None,1679932800
dd1c4549084a7ba65233e75fe1efd5,4a956732e2464c94e1bef92f8a0254,1679932800,71.39117967640448,5.125794911313339,seller,None,5.570469424100071,842,1679932800
39616243a443bc8cf1663ea0c76b58,4a956732e2464c94e1bef92f8a0254,1679932860,None,None,None,None,None,None,1679932800
5ac1e883f94da08e7c3038b8b4cc11,02926f41744a18894ce1a3fab92df1,1679932800,4.881359972499828,50.79050713442952,seller,None,4.451049591358139,51,1679932800
6daaa7393e456cb8f8f78b7673663b,02926f41744a18894ce1a3fab92df1,1679933100,None,None,None,None,None,None,1679932800
4e0f9f6a26425ea295c6212367e028,3500e971ff4e25971f5fdb6fa188ad,1679932800,54.31856004393853,4.4139062601010535,seller,None,7.090263531059092,900,1679932800
507f37128e48189a3db26fc2f8570c,3500e971ff4e25971f5fdb6fa188ad,1679932860,None,None,None,None,None,None,1679932800
824b104c374618b4c334e8cdb7c321,32ae396b574aec965547ec1359fefb,1679932860,61.09802647700298,3.8601105412064918,seller,None,4.727238289094685,694,1679932860
a2c30525fa458b9111629ac31cb8a2,32ae396b574aec965547ec1359fefb,1679932920,None,None,None,None,None,None,1679932860
b1fb1edf1a43a7b185bbb4f3f0ed88,6b0479131a4e7c9ea952fbe017913c,1679932860,47.39277571764521,5.22301473847549,buyer,None,5.81828646427702,157,1679932860
ceb7d1a1534703b010d951f01d1a8d,6b0479131a4e7c9ea952fbe017913c,1679932920,None,None,None,None,None,None,1679932860
1eddb5563c4551a2c5b2099f10051c,4a956732e2464c94e1bef92f8a0254,1679932860,49.73865629296243,7.1550952492268785,buyer,None,8.596456680480781,525,1679932860
bb4a74674c400691d4a40daca5aebc,4a956732e2464c94e1bef92f8a0254,1679932920,None,None,None,None,None,None,1679932860
55fff393da4f2793efeafd272a67a2,3500e971ff4e25971f5fdb6fa188ad,1679932860,55.06166584890211,4.367309712315581,buyer,None,4.589891879879831,695,1679932860
f96d7cf6094fa3b826d62df8303053,3500e971ff4e25971f5fdb6fa188ad,1679932920,None,None,None,None,None,None,1679932860
cc632f947741bbae5344068347c029,32ae396b574aec965547ec1359fefb,1679932920,48.934168586564574,5.173479254319415,seller,None,4.993884705672676,869,1679932920
420084bf7641289a64535559b4e3d6,32ae396b574aec965547ec1359fefb,1679932980,None,None,None,None,None,None,1679932920
30c1b74f1b475bb57e21c8a2c9589e,6b0479131a4e7c9ea952fbe017913c,1679932920,38.95354950156436,3.553645747573154,seller,None,4.743996838016406,502,1679932920
df35bf2024406e90968c5862ba07fc,6b0479131a4e7c9ea952fbe017913c,1679932980,None,None,None,None,None,None,1679932920
ce946ad51f496c881bac6c34609d5f,4a956732e2464c94e1bef92f8a0254,1679932920,49.9762543317152,4.628696054347564,buyer,None,4.115378558333122,598,1679932920
ca23538c8d43c7bcba47adebf998e5,4a956732e2464c94e1bef92f8a0254,1679932980,None,None,None,None,None,None,1679932920
aee328e2a04ee7ae20e8e52ebd2218,3500e971ff4e25971f5fdb6fa188ad,1679932920,38.25347507475917,5.208529487972256,buyer,None,4.999150268814473,151,1679932920
1464a43eba4975837022f21ea6b66d,3500e971ff4e25971f5fdb6fa188ad,1679932980,None,None,None,None,None,None,1679932920
a82d4d717b420d90144c2c2bc44bd6,32ae396b574aec965547ec1359fefb,1679932980,39.481981892970666,3.1231112730875803,seller,None,4.405749680065105,517,1679932980
47d36c4df746ea85ee95b093148ce2,32ae396b574aec965547ec1359fefb,1679933040,None,None,None,None,None,None,1679932980
568f4f7b794e93a34c1410c9775617,6b0479131a4e7c9ea952fbe017913c,1679932980,41.53597337508261,4.830653047419918,buyer,None,2.891188878099282,783,1679932980
d65e55a3534fa8a294c3155dc412a4,6b0479131a4e7c9ea952fbe017913c,1679933040,None,None,None,None,None,None,1679932980
8fa5842dd94975b557f903954be420,4a956732e2464c94e1bef92f8a0254,1679932980,44.51260953445947,6.081667516527796,buyer,None,5.8742804388547185,540,1679932980
69d51f320846958983f946b439d296,4a956732e2464c94e1bef92f8a0254,1679933040,None,None,None,None,None,None,1679932980
645a43c5eb4ead9aad5eab0c0c52c5,3500e971ff4e25971f5fdb6fa188ad,1679932980,73.87869018623549,3.096454114344017,buyer,None,4.268907003644015,497,1679932980
2e228abf2c46efaf4a1a04a1ff2cb3,3500e971ff4e25971f5fdb6fa188ad,1679933040,None,None,None,None,None,None,1679932980
3f504b043d48328c3635cca07297c3,32ae396b574aec965547ec1359fefb,1679933040,48.72569212446932,4.278941137195965,buyer,None,4.255123362761945,244,1679933040
2074424caf40098ce7ca0ad10a2292,32ae396b574aec965547ec1359fefb,1679933100,None,None,None,None,None,None,1679933040
b017f3290842ba8213b473ba87d0e5,6b0479131a4e7c9ea952fbe017913c,1679933040,48.39942195909618,4.962904729343128,seller,None,5.993918674780974,313,1679933040
d10f81e61b48d9a837a3205136486c,6b0479131a4e7c9ea952fbe017913c,1679933100,None,None,None,None,None,None,1679933040
b1c32b99464104a3e17a70db7383cb,4a956732e2464c94e1bef92f8a0254,1679933040,46.05921523145569,4.1740107948673355,buyer,None,7.280158637698259,774,1679933040
94ad7ed5014d838ca24add811e6d1d,4a956732e2464c94e1bef92f8a0254,1679933100,None,None,None,None,None,None,1679933040
fd76fdf72c4a7c8e892c0264f73ea1,3500e971ff4e25971f5fdb6fa188ad,1679933040,49.68750440735885,3.0487202017660975,seller,None,4.056406427648255,486,1679933040
9c7fffed944eb394c14de11e078840,3500e971ff4e25971f5fdb6fa188ad,1679933100,None,None,None,None,None,None,1679933040
1440dbe8f6455390b02bcd3ff300fc,9088c280144488b5d9f4acdb8f45c9,1679933100,4.63048484064239,49.19381988902608,seller,None,4.807688360511103,522,1679933100
bf456300164ee1baaa9cb1a18be0c7,9088c280144488b5d9f4acdb8f45c9,1679933400,None,None,None,None,None,None,1679933100
aad91572e047a9b0f12559b501a238,32ae396b574aec965547ec1359fefb,1679933100,56.15162225036976,6.059541779602837,seller,None,2.696741827127887,787,1679933100
d8fc888eba4d0598f197309361bc93,32ae396b574aec965547ec1359fefb,1679933160,None,None,None,None,None,None,1679933100
5ea355a5a348098d174f6031ffe312,a22b3a976c474f84262c7f018dec35,1679933100,6.43174384356132,48.94197235215335,seller,None,4.120692097569449,40,1679933100
46dcabeecc4e619f51ebd4a2031269,a22b3a976c474f84262c7f018dec35,1679933400,None,None,None,None,None,None,1679933100
cb5cfab70e4b7daeb7795aa4e23810,6b0479131a4e7c9ea952fbe017913c,1679933100,54.83361253563599,5.529950542583316,buyer,None,4.746736908253107,290,1679933100
5e421226904777adece7bcf53a6e56,6b0479131a4e7c9ea952fbe017913c,1679933160,None,None,None,None,None,None,1679933100
74d3af52464945b0bf0b4f2627d8f1,7613b746244b1fae4257eb0d349801,1679933100,5.727346726607882,49.154689536277935,buyer,None,3.323067295585971,153,1679933100
7ade215b7647aabb0edc9596a7d730,7613b746244b1fae4257eb0d349801,1679933400,None,None,None,None,None,None,1679933100
a98af3600a450fa2b38cd7b3613f03,4a956732e2464c94e1bef92f8a0254,1679933100,46.63327095252028,5.612401669330088,buyer,None,3.8587667654258073,256,1679933100
1ec8756ab84ec7b71a45cdb26de297,4a956732e2464c94e1bef92f8a0254,1679933160,None,None,None,None,None,None,1679933100
98edb836914370a133a00c9a15e0af,02926f41744a18894ce1a3fab92df1,1679933100,6.012818201281245,49.57638577412777,buyer,None,4.983700095365664,476,1679933100
3590ee379c4276a25885f0d8154140,02926f41744a18894ce1a3fab92df1,1679933400,None,None,None,None,None,None,1679933100
55c8bacaba4af28b3920fc18a7e674,3500e971ff4e25971f5fdb6fa188ad,1679933100,51.88011069504395,3.601371231936281,seller,None,6.039511653998178,29,1679933100
14eebda5ef4b8786b9cc4c74db0952,3500e971ff4e25971f5fdb6fa188ad,1679933160,None,None,None,None,None,None,1679933100
d3991f24a04d2896706876dc65c5d8,32ae396b574aec965547ec1359fefb,1679933160,53.51533352622817,3.132353569283396,buyer,None,4.599183630002959,432,1679933160
6767b205a940cf9b3f0f68466b9808,32ae396b574aec965547ec1359fefb,1679933220,None,None,None,None,None,None,1679933160
edc4bb332c45d798bc9c3b5fa39256,6b0479131a4e7c9ea952fbe017913c,1679933160,47.416867646592685,6.322019780000186,buyer,None,4.272594344920879,803,1679933160
72b9d4f33c4badbeec0b25f61f5d09,6b0479131a4e7c9ea952fbe017913c,1679933220,None,None,None,None,None,None,1679933160
9f0c50c8ad4796a201b52fd0df1911,4a956732e2464c94e1bef92f8a0254,1679933160,51.72518260711399,4.1146248740689275,buyer,None,5.908376808558503,274,1679933160
25dd784c784ad59422b43fa5e2c840,4a956732e2464c94e1bef92f8a0254,1679933220,None,None,None,None,None,None,1679933160
193af4e3c04d6b8d44d1f775b36a25,3500e971ff4e25971f5fdb6fa188ad,1679933160,47.631412509293035,5.388490387722467,buyer,None,5.074668277498213,53,1679933160
55be4519b9420a925d5fc6f062556a,3500e971ff4e25971f5fdb6fa188ad,1679933220,None,None,None,None,None,None,1679933160
b2198cc3b4470c824636fff60a74cc,32ae396b574aec965547ec1359fefb,1679933220,32.050096528945716,5.40364050850978,buyer,None,6.144113996277519,309,1679933220
916ab040a749d7b2e0f9b5af9d8b38,32ae396b574aec965547ec1359fefb,1679933280,None,None,None,None,None,None,1679933220
235f98020f4fc683d4a45f1863e7a7,6b0479131a4e7c9ea952fbe017913c,1679933220,48.777920272058495,5.201251746220678,buyer,None,5.256511812399828,80,1679933220
a0ebb9c23b4cfb83e169130e3f97cf,6b0479131a4e7c9ea952fbe017913c,1679933280,None,None,None,None,None,None,1679933220
79bdf998f54380a55e38dabc7c0371,4a956732e2464c94e1bef92f8a0254,1679933220,45.17867680527154,4.036994499441625,buyer,None,4.268312711257533,518,1679933220
605bd33de042e9ad02f704ad2594bb,4a956732e2464c94e1bef92f8a0254,1679933280,None,None,None,None,None,None,1679933220
e7a46e576c44e7af53aa088743227a,3500e971ff4e25971f5fdb6fa188ad,1679933220,61.86461717704783,5.1962260542551775,buyer,None,4.933101252076782,714,1679933220
a9286a8ce644b182099f16b695f6f3,3500e971ff4e25971f5fdb6fa188ad,1679933280,None,None,None,None,None,None,1679933220
2ebdc90ba64f29a30ec5db7c257995,32ae396b574aec965547ec1359fefb,1679933280,46.17175210691409,5.918723365252491,buyer,None,4.9304346846335,849,1679933280
7a50b2621d4179bd55c4e7eb91d3f9,32ae396b574aec965547ec1359fefb,1679933340,None,None,None,None,None,None,1679933280
fd295a3c0545a5916e107b8e93382b,6b0479131a4e7c9ea952fbe017913c,1679933280,56.97975453491931,4.418156520420253,seller,None,3.569333075892316,940,1679933280
b4e638d4f243bb987eb02f65ca13c3,6b0479131a4e7c9ea952fbe017913c,1679933340,None,None,None,None,None,None,1679933280
26adaf9c524ebab3fb9de05b4504b4,4a956732e2464c94e1bef92f8a0254,1679933280,53.67625139816876,6.7860443885012405,seller,None,4.39308874650707,719,1679933280
d0f68b012e44d89e875e8ac1bc9bf6,4a956732e2464c94e1bef92f8a0254,1679933340,None,None,None,None,None,None,1679933280
ef6a4128814e8eb8871534d7f780e7,3500e971ff4e25971f5fdb6fa188ad,1679933280,44.36832648892204,4.9906485203808355,seller,None,5.63147469843528,828,1679933280
36ced7f24e4619a4bc10193a4401e4,3500e971ff4e25971f5fdb6fa188ad,1679933340,None,None,None,None,None,None,1679933280
7004abef3b486fa72893e88673d708,32ae396b574aec965547ec1359fefb,1679933340,56.668349857506165,5.589791354952343,seller,None,6.48100857676248,166,1679933340
dca93a05a347d98e5bf634456ae0a3,32ae396b574aec965547ec1359fefb,1679933400,None,None,None,None,None,None,1679933340
d6e83604114b0b9f1bc3e81dd64286,6b0479131a4e7c9ea952fbe017913c,1679933340,50.73081370721202,6.132863639184702,buyer,None,5.27770186576394,673,1679933340
d6be71d9f04485b7d03f86aadab6b2,6b0479131a4e7c9ea952fbe017913c,1679933400,None,None,None,None,None,None,1679933340
4ddc604e7a432da54a998908e28246,4a956732e2464c94e1bef92f8a0254,1679933340,46.76705958587374,4.551519757071203,buyer,None,5.314174831396131,448,1679933340
adc5bc99944f3cb94fbd0d4277786f,4a956732e2464c94e1bef92f8a0254,1679933400,None,None,None,None,None,None,1679933340
a12921015a4a1da1e670db62a4d852,3500e971ff4e25971f5fdb6fa188ad,1679933340,54.90443888843537,3.160734148521046,seller,None,6.062629475509771,156,1679933340
184c67b2cb4c94936efc2a1ae040c6,3500e971ff4e25971f5fdb6fa188ad,1679933400,None,None,None,None,None,None,1679933340
423baf809e488d9c1d91ee8218b630,9088c280144488b5d9f4acdb8f45c9,1679933400,5.6752750973174,51.100389965802066,seller,None,4.99010359773229,328,1679933400
1cff80ea754aebb30b925e924d2e76,9088c280144488b5d9f4acdb8f45c9,1679933700,None,None,None,None,None,None,1679933400
0a4ab1e89a44ba947bba987ecef61c,32ae396b574aec965547ec1359fefb,1679933400,69.38580564869311,5.679718099350758,seller,None,5.649847246885158,839,1679933400
022c89ddb54ccca631b53060306ddc,32ae396b574aec965547ec1359fefb,1679933460,None,None,None,None,None,None,1679933400
9429dc363840a982ba7c6e9dc26f9e,a22b3a976c474f84262c7f018dec35,1679933400,3.426980438228375,51.315090858982664,buyer,None,4.8086499446652455,776,1679933400
5eea23fe034d668fb7c9c4e2620865,a22b3a976c474f84262c7f018dec35,1679933700,None,None,None,None,None,None,1679933400
efa20dbc7e441aa68e164dee98ae96,6b0479131a4e7c9ea952fbe017913c,1679933400,42.8214943933567,4.499887689395955,seller,None,4.345755459129019,153,1679933400
cf7077f4ca4a2a8e944f72becb52f4,6b0479131a4e7c9ea952fbe017913c,1679933460,None,None,None,None,None,None,1679933400
2a12f785f24217b81e23186501ad84,7613b746244b1fae4257eb0d349801,1679933400,5.295929545967682,49.097642089165205,seller,None,4.715956074248059,634,1679933400
95d20975dd4441baf2c5a45e2a1ed6,7613b746244b1fae4257eb0d349801,1679933700,None,None,None,None,None,None,1679933400
4edebcf48f4af4bd01235865b64743,4a956732e2464c94e1bef92f8a0254,1679933400,48.1656257243553,4.726823642002465,seller,None,5.314382858927131,708,1679933400
a4b91dfb7343f5af1a8b276ef0b1df,4a956732e2464c94e1bef92f8a0254,1679933460,None,None,None,None,None,None,1679933400
86ed4121cf4d73ae5ecdebc66d7eea,02926f41744a18894ce1a3fab92df1,1679933400,3.5663887941806864,49.72438802079919,buyer,None,3.961510797670159,286,1679933400
cf7c3f59f24adbbeda5e5697102c63,02926f41744a18894ce1a3fab92df1,1679933700,None,None,None,None,None,None,1679933400
1fa006fdfa4d358595ff47a82a7429,3500e971ff4e25971f5fdb6fa188ad,1679933400,55.5887761476119,5.210180731892409,seller,None,3.879143657368579,650,1679933400
2dd85fe2aa4157a2b51122177e7a29,3500e971ff4e25971f5fdb6fa188ad,1679933460,None,None,None,None,None,None,1679933400
f417929ffe4b42b76312357aa374b3,32ae396b574aec965547ec1359fefb,1679933460,43.72208380307101,5.4691132942611835,buyer,None,4.9206774541584934,715,1679933460
eeeb129f8f4267aed274d80b06c4b2,32ae396b574aec965547ec1359fefb,1679933520,None,None,None,None,None,None,1679933460
9fcb94e6e143c887e6a6325b2bba2f,6b0479131a4e7c9ea952fbe017913c,1679933460,39.959972226779634,4.426509953224823,buyer,None,4.92389254519769,617,1679933460
c0f43d79ac481694c1d449f2933df2,6b0479131a4e7c9ea952fbe017913c,1679933520,None,None,None,None,None,None,1679933460
ec22b5976d4c94b1a56f2a596c1bfc,4a956732e2464c94e1bef92f8a0254,1679933460,55.42225805690404,5.7698375117762,seller,None,4.430682745905827,227,1679933460
8038bb28464ba985606b75fa0ab8f8,4a956732e2464c94e1bef92f8a0254,1679933520,None,None,None,None,None,None,1679933460
9ff96bb926405c88b572de73e5a0d5,3500e971ff4e25971f5fdb6fa188ad,1679933460,42.109353960232525,4.823935385343628,seller,None,4.397053472361936,893,1679933460
e6363fa8ec477099a448227d45add2,3500e971ff4e25971f5fdb6fa188ad,1679933520,None,None,None,None,None,None,1679933460
8c721a935140d58d7b33a3d8ef8a7c,32ae396b574aec965547ec1359fefb,1679933520,55.32016188353899,5.415472581224952,buyer,None,4.466637257923483,174,1679933520
f2de34223d4464a07047830138e18a,32ae396b574aec965547ec1359fefb,1679933580,None,None,None,None,None,None,1679933520
1ad310a02b43bca5e6460c6afa0acd,6b0479131a4e7c9ea952fbe017913c,1679933520,40.362610637361264,5.898573248685532,seller,None,4.606980743795917,367,1679933520
a0c57f79a1455082d120feea44fa1d,6b0479131a4e7c9ea952fbe017913c,1679933580,None,None,None,None,None,None,1679933520
2f152c9a934a1499bf0d86b628cf1e,4a956732e2464c94e1bef92f8a0254,1679933520,52.295430389555136,5.7187468732015905,buyer,None,5.777961621056246,827,1679933520
6b440849794073801109ec41f3f312,4a956732e2464c94e1bef92f8a0254,1679933580,None,None,None,None,None,None,1679933520
12fc52a8ce4d31bc1f4d71a4d26409,3500e971ff4e25971f5fdb6fa188ad,1679933520,31.154434340510132,4.918584611608571,buyer,None,3.924382726867794,76,1679933520
26cc77908644eea53394dea2821f9d,3500e971ff4e25971f5fdb6fa188ad,1679933580,None,None,None,None,None,None,1679933520
15ebd2e2d6412f93795eed6d324aaf,32ae396b574aec965547ec1359fefb,1679933580,66.2030265294726,3.821022318059815,buyer,None,5.30943233171713,945,1679933580
8424eea6234a2389337438fc8fa689,32ae396b574aec965547ec1359fefb,1679933640,None,None,None,None,None,None,1679933580
de66019cb5498ba5aa63d541719607,6b0479131a4e7c9ea952fbe017913c,1679933580,58.199466860253075,4.592772902994248,seller,None,4.743147012655859,557,1679933580
417d8790364cc58bfde427ff65d37f,6b0479131a4e7c9ea952fbe017913c,1679933640,None,None,None,None,None,None,1679933580
329aafda674a2182e5493c0e37caa5,4a956732e2464c94e1bef92f8a0254,1679933580,43.38718658578011,5.058821720520909,seller,None,4.024645147519263,811,1679933580
a30d6c936f4766b494c42de6ee2d8a,4a956732e2464c94e1bef92f8a0254,1679933640,None,None,None,None,None,None,1679933580
240b54409241e68bfc12daa87f2428,3500e971ff4e25971f5fdb6fa188ad,1679933580,34.856193704459116,6.100683119869677,seller,None,5.826638678170183,532,1679933580
8274364f6e4244af37c3c045684362,3500e971ff4e25971f5fdb6fa188ad,1679933640,None,None,None,None,None,None,1679933580
4d2288402a4c61a2346761899ee2f4,32ae396b574aec965547ec1359fefb,1679933640,43.74707656032614,4.882771877162267,seller,None,4.203176327623635,807,1679933640
93748bc9d446fe8a8bfcb958ff206e,32ae396b574aec965547ec1359fefb,1679933700,None,None,None,None,None,None,1679933640
1e17697e3c46c2bbd3b6fe97219bf8,6b0479131a4e7c9ea952fbe017913c,1679933640,61.403623855423064,4.232163646187125,buyer,None,4.049918338071548,571,1679933640
e34413d9104ed6bc11620616f36c1a,6b0479131a4e7c9ea952fbe017913c,1679933700,None,None,None,None,None,None,1679933640
14d157b8864e35a3d044c53b8758e4,4a956732e2464c94e1bef92f8a0254,1679933640,55.191001525884104,5.155689735807101,seller,None,5.140010517146745,681,1679933640
808150bd944340a5a655bffee598b0,4a956732e2464c94e1bef92f8a0254,1679933700,None,None,None,None,None,None,1679933640
3d1909fcd84e4c9968c806e46613a5,3500e971ff4e25971f5fdb6fa188ad,1679933640,37.677133612240716,6.244102470006297,seller,None,5.178888090033443,254,1679933640
744e6e67924617a5a2bf8a68d33c55,3500e971ff4e25971f5fdb6fa188ad,1679933700,None,None,None,None,None,None,1679933640
eb64b29e714757903030843be1877c,9088c280144488b5d9f4acdb8f45c9,1679933700,4.959442872101376,49.025719186978804,seller,None,4.254961289869384,84,1679933700
bb0e579ddf4a09b8f89dcd532bb315,9088c280144488b5d9f4acdb8f45c9,1679934000,None,None,None,None,None,None,1679933700
043999e3394ae19eb4ce9367907a5e,32ae396b574aec965547ec1359fefb,1679933700,67.4246681900339,5.060959184255979,buyer,None,3.789993411443076,695,1679933700
934cc53d90470aa1fdbb6c6f09213b,32ae396b574aec965547ec1359fefb,1679933760,None,None,None,None,None,None,1679933700
bf1d970cd44ebfacfeef5a3c1f7291,a22b3a976c474f84262c7f018dec35,1679933700,5.270057211479751,48.362498184668326,buyer,None,3.6951924435710097,856,1679933700
f6d9ca34db4f389bd57b5455068922,a22b3a976c474f84262c7f018dec35,1679934000,None,None,None,None,None,None,1679933700
78a069f8264499963ffb5ffd1997b8,6b0479131a4e7c9ea952fbe017913c,1679933700,50.714974691921604,6.154786227922677,seller,None,5.840968485445949,651,1679933700
1da47a878a452f95e409585e10e316,6b0479131a4e7c9ea952fbe017913c,1679933760,None,None,None,None,None,None,1679933700
fa1c7f39864f2482e5eb41f4d9f9e5,7613b746244b1fae4257eb0d349801,1679933700,3.5544015755029874,50.00562829446264,seller,None,6.267722969203779,844,1679933700
a89747cf5d4f32b72a5859f266ab72,7613b746244b1fae4257eb0d349801,1679934000,None,None,None,None,None,None,1679933700
2cc12ed8f24ada931c427fa5bcf5b3,4a956732e2464c94e1bef92f8a0254,1679933700,48.51809639028796,5.521471327562362,seller,None,6.228738732298169,803,1679933700
3a4a2d487c4bbcb230e442ccac3867,4a956732e2464c94e1bef92f8a0254,1679933760,None,None,None,None,None,None,1679933700
95f553de034a4ba073601634b9d87f,02926f41744a18894ce1a3fab92df1,1679933700,4.769928269285261,49.60979664532708,buyer,None,4.178436493569447,822,1679933700
b604824c244d5888435b157e7cef8f,02926f41744a18894ce1a3fab92df1,1679934000,None,None,None,None,None,None,1679933700
b26b3e9b504f3d906995b6f55ee304,3500e971ff4e25971f5fdb6fa188ad,1679933700,43.34679801265217,5.859840169207818,buyer,None,6.201673402804119,245,1679933700
5aab0e59c7493e84d97aa9fd6126be,3500e971ff4e25971f5fdb6fa188ad,1679933760,None,None,None,None,None,None,1679933700
e2a7467c3b4f0ebf5dc381748de003,32ae396b574aec965547ec1359fefb,1679933760,54.06157050110921,5.11925049500526,buyer,None,5.884579097032556,388,1679933760
c5add324f445739b57ea85d8d07b25,32ae396b574aec965547ec1359fefb,1679933820,None,None,None,None,None,None,1679933760
e6d79a20c74dd4a2a07750ce28baa7,6b0479131a4e7c9ea952fbe017913c,1679933760,43.10030114033321,4.637501490916869,buyer,None,4.6511155493918475,235,1679933760
4e1bd8c23344239fceb5a16dea9844,6b0479131a4e7c9ea952fbe017913c,1679933820,None,None,None,None,None,None,1679933760
