agent_id,resource_id,valid_at
195728adee3af42120c157833a391249,3b4a58e3cd70cd9c6f781d9267c6c5c0,1678118400
37e675944fd7bffd61d761a55ab51433,3b4a58e3cd70cd9c6f781d9267c6c5c0,1678118400
472afec6d8045c4552ceb6bb71be2f8d,3b4a58e3cd70cd9c6f781d9267c6c5c0,1678118400
22183290e84bdfe43ec149a352369118,3b4a58e3cd70cd9c6f781d9267c6c5c0,1678118400
252029dcc6e1b2d11f871ffa386018ec,3b4a58e3cd70cd9c6f781d9267c6c5c0,1678118400
4c7afd53ae1ba01a334627c54e109f9c,3b4a58e3cd70cd9c6f781d9267c6c5c0,1678118400
3375c46d3f706ef857001f00a2e8e29b,3b4a58e3cd70cd9c6f781d9267c6c5c0,1678118400
44cc5ea59affa73b36232d54d8abb444,3b4a58e3cd70cd9c6f781d9267c6c5c0,1678118400
6bf2268d5a88879c5f1ccfa9c3580a4d,3b4a58e3cd70cd9c6f781d9267c6c5c0,1678118400
1762aef0b0f1b5d74ce4b5c23d9ea843,3b4a58e3cd70cd9c6f781d9267c6c5c0,1678118400
5bf2a9f4ed473918759131f170ef3328,3b4a58e3cd70cd9c6f781d9267c6c5c0,1678118400
91e1a3da228704b6de6da9bd1d7d468,3b4a58e3cd70cd9c6f781d9267c6c5c0,1678118400
7e5fee00b102a34631e3fdf2102dc8f7,3b4a58e3cd70cd9c6f781d9267c6c5c0,1678118400
1173243679294d88225687883b6e1255,3b4a58e3cd70cd9c6f781d9267c6c5c0,1678118400
55b49ba96b52ccd14767f7f15ad936d8,3b4a58e3cd70cd9c6f781d9267c6c5c0,1678118400
1464ac2240a2db42682f0e5bb9cd5559,3b4a58e3cd70cd9c6f781d9267c6c5c0,1678118400
45fca9841613dbf3741c44227f6acbe,3b4a58e3cd70cd9c6f781d9267c6c5c0,1678118400
5c8270edab957fb9543e3afe6d925316,3b4a58e3cd70cd9c6f781d9267c6c5c0,1678118400
2ed11fcf0760360f22653b6933be794f,3b4a58e3cd70cd9c6f781d9267c6c5c0,1678118400
54f0151cbd35ee3a7421e77fa0a1c149,3b4a58e3cd70cd9c6f781d9267c6c5c0,1678118400
455e5c60199679d02b993e00e7ba1f6f,3b4a58e3cd70cd9c6f781d9267c6c5c0,1678118400
361a2dd7103b24f7042100a0e1852a8,3b4a58e3cd70cd9c6f781d9267c6c5c0,1678118400
2e5cd6b1d3497dd7597008c222a99a6a,3b4a58e3cd70cd9c6f781d9267c6c5c0,1678118400
42188ff362b222c96de066ef2a5c91ff,3b4a58e3cd70cd9c6f781d9267c6c5c0,1678118400
581763d98f54167f84f0892008f7ea5,3b4a58e3cd70cd9c6f781d9267c6c5c0,1678118400
3881bf209afd05447b9fb033e2b08f45,39e641cc76436854310668976b14c851,1678118400
6bba76437fb5c90a271e155bd0855083,39e641cc76436854310668976b14c851,1678118400
d224a46fd9f281f5af3d1e0bdc0b9c0,39e641cc76436854310668976b14c851,1678118400
75356371ae78cbae1949feb25680f522,39e641cc76436854310668976b14c851,1678118400
6931346ac4f5cafb3671f49500d517ac,39e641cc76436854310668976b14c851,1678118400
43e3686df5e084e412f07ebf6307c78e,39e641cc76436854310668976b14c851,1678118400
77bcb51e57072ce4291af77fdc858e7,39e641cc76436854310668976b14c851,1678118400
285a4bc4587dfa723073f6b51a84cd21,39e641cc76436854310668976b14c851,1678118400
60e1375969bdfd6f501b1ac94da65213,39e641cc76436854310668976b14c851,1678118400
5e42d0ad031485866b83b2eaccb724a2,39e641cc76436854310668976b14c851,1678118400
16505f85dac324ab1e29c3efd8c0d177,39e641cc76436854310668976b14c851,1678118400
164fdaf334ad12f0d211ed47c805862,39e641cc76436854310668976b14c851,1678118400
1ac64d72a7a444016c232171deada2d5,39e641cc76436854310668976b14c851,1678118400
404a1309269b2d1d5f9d79076823621a,39e641cc76436854310668976b14c851,1678118400
1d5211668dda0cc14bc186f1fe3907d5,39e641cc76436854310668976b14c851,1678118400
15080a02f45df404209707379105f0c2,39e641cc76436854310668976b14c851,1678118400
3314263f0102e818330b99373d7fbd20,39e641cc76436854310668976b14c851,1678118400
6070dd8c83c14f9c3300ca3a43de5b8b,39e641cc76436854310668976b14c851,1678118400
41385580930b8ecc4e5b422411c769ad,39e641cc76436854310668976b14c851,1678118400
b785bfa6cd712d31118b207a09a2ded,39e641cc76436854310668976b14c851,1678118400
26fe1b485c1b93f6125924c267ab83ce,39e641cc76436854310668976b14c851,1678118400
6627a83de1e11e287e7151af2273d981,39e641cc76436854310668976b14c851,1678118400
27b48a5862a33252dfc9132aaf1619b,39e641cc76436854310668976b14c851,1678118400
31945de5976c675979ea136b27d63e8f,39e641cc76436854310668976b14c851,1678118400
14b8b015034631277c8ff8bdceb860bc,39e641cc76436854310668976b14c851,1678118400
1521426e521f4abd2bec3b9e2910301c,69e43523ac4208dd6fb4ec8b7a740c00,1678118400
667a90a395693d5f4f19ff56f771d3f0,69e43523ac4208dd6fb4ec8b7a740c00,1678118400
5628de4a0127565b2385547d16c684af,69e43523ac4208dd6fb4ec8b7a740c00,1678118400
922a09cdcaeed6010b2cc3e74ee465e,69e43523ac4208dd6fb4ec8b7a740c00,1678118400
12a80d90cd6dad543aeb0530bf59538c,69e43523ac4208dd6fb4ec8b7a740c00,1678118400
3b93eaf36a08226e45dca2e2fb542e2e,69e43523ac4208dd6fb4ec8b7a740c00,1678118400
7aa4278b71b70a286c1cf789d23518be,69e43523ac4208dd6fb4ec8b7a740c00,1678118400
6dd65e3ce75b8c537bbdff9ad1a90583,69e43523ac4208dd6fb4ec8b7a740c00,1678118400
24ad632250f2ff0347e24f72dff6abda,69e43523ac4208dd6fb4ec8b7a740c00,1678118400
b86fab45ab777d21f4992e624319473,69e43523ac4208dd6fb4ec8b7a740c00,1678118400
47e6dae11e5daf8757dc3ef9a28164ad,69e43523ac4208dd6fb4ec8b7a740c00,1678118400
55cd16324e76b2f67f431564cc6b711a,69e43523ac4208dd6fb4ec8b7a740c00,1678118400
360210ef85744ac640741a4b44f62c2b,69e43523ac4208dd6fb4ec8b7a740c00,1678118400
7d672033f932d250e419bcf191360e4,69e43523ac4208dd6fb4ec8b7a740c00,1678118400
1544f314d1f5f8f322e9ebb5abb86bc0,69e43523ac4208dd6fb4ec8b7a740c00,1678118400
7c9de5c965cec5bb64a76b03963774e6,69e43523ac4208dd6fb4ec8b7a740c00,1678118400
5a7d5eba97ce85693f4687a3bc6b6391,69e43523ac4208dd6fb4ec8b7a740c00,1678118400
314a55b09b5b5f6a2aa4bfdd50c2244,69e43523ac4208dd6fb4ec8b7a740c00,1678118400
31024ec5b42a1b2566720a2a5e81f9c,69e43523ac4208dd6fb4ec8b7a740c00,1678118400
36d8c445c532481f524e5fdc341f8a8b,69e43523ac4208dd6fb4ec8b7a740c00,1678118400
ef18e4e38cbd6c14bfa5b60285cd7d3,69e43523ac4208dd6fb4ec8b7a740c00,1678118400
43af7a5af5f03d696773dea72d42b7,69e43523ac4208dd6fb4ec8b7a740c00,1678118400
3aa05f308d1ff09787be2abdd272513,69e43523ac4208dd6fb4ec8b7a740c00,1678118400
321402ef4874cd87b9ad55c7f393b8e,69e43523ac4208dd6fb4ec8b7a740c00,1678118400
79315b749d3668601b367b6f7ee5b71a,69e43523ac4208dd6fb4ec8b7a740c00,1678118400
29c8e0833b845a337e742b981d7441,3c66dbd815d60ace6c5ca5d93285ad22,1678118400
63003607f70de2566df979058a4344a,3c66dbd815d60ace6c5ca5d93285ad22,1678118400
32cdce4cfb7ee2188eb5948bf465108,3c66dbd815d60ace6c5ca5d93285ad22,1678118400
6009a0546ddc36bf44d8f22820af7aa7,3c66dbd815d60ace6c5ca5d93285ad22,1678118400
70cb7720b7175a407e95da7373c3bce7,3c66dbd815d60ace6c5ca5d93285ad22,1678118400
1d09d765097bedf251d52e7e8bd9e53e,3c66dbd815d60ace6c5ca5d93285ad22,1678118400
216c5198b20554337e1e5559a6feb076,3c66dbd815d60ace6c5ca5d93285ad22,1678118400
1b1d0e1d6d8c7ee33fde895b9036d0c0,3c66dbd815d60ace6c5ca5d93285ad22,1678118400
3c97b36002156af64676e2d295b040fe,3c66dbd815d60ace6c5ca5d93285ad22,1678118400
2b74c5fa5c011bfb574d849e931cffe4,3c66dbd815d60ace6c5ca5d93285ad22,1678118400
5742a2cc6f5499582dde8ad24fcebf3f,3c66dbd815d60ace6c5ca5d93285ad22,1678118400
194d33211d00278728ca5b52711acd7c,3c66dbd815d60ace6c5ca5d93285ad22,1678118400
6d747acc5c0c693f53e6f8724081b66a,3c66dbd815d60ace6c5ca5d93285ad22,1678118400
13f62051e6f1ae1e5f4cf598860365a0,3c66dbd815d60ace6c5ca5d93285ad22,1678118400
6c430ef3acc50993136dade2b6423aef,3c66dbd815d60ace6c5ca5d93285ad22,1678118400
58ce52e94681a32f521e5cb8b4e6c840,3c66dbd815d60ace6c5ca5d93285ad22,1678118400
7bd74f71b045a21234a6b87b6abfedb7,3c66dbd815d60ace6c5ca5d93285ad22,1678118400
1d426eec8699e41756d6af167015ccad,3c66dbd815d60ace6c5ca5d93285ad22,1678118400
9656d12079e333a5f11e4af0ae83202,3c66dbd815d60ace6c5ca5d93285ad22,1678118400
38d35afd18639da6535e9436c129f718,3c66dbd815d60ace6c5ca5d93285ad22,1678118400
11337d508e15d9a14b7d7213bef439e0,3c66dbd815d60ace6c5ca5d93285ad22,1678118400
f0e245afb4b3629fef30bd50ee2c79,3c66dbd815d60ace6c5ca5d93285ad22,1678118400
289a9e3441342416360c475cb25a2e43,3c66dbd815d60ace6c5ca5d93285ad22,1678118400
399162e424f4147849109a706f74d188,3c66dbd815d60ace6c5ca5d93285ad22,1678118400
47fe9a7528cb3731102da6629bbe7cf3,3c66dbd815d60ace6c5ca5d93285ad22,1678118400
