[
    {
        "httpMethod": "GET",
        "path": "/STAGING/db/markets/query",
        "headers": {
            "Content-Type": "application/json"
        },
        "queryStringParameters": {
            "gsi_name": "resource_id_valid_at_index",
            "key_name": "resource_id",
            "key_value": "123"
        }
    },
    {
        "httpMethod": "GET",
        "path": "/STAGING/db/markets/scan",
        "headers": {
            "Content-Type": "application/json"
        },
        "queryStringParameters": {
            "key_name": "resource_id",
            "key_value": "123"
        }
    },
    {
        "httpMethod": "POST",
        "path": "/STAGING/db/markets",
        "headers": {
            "Content-Type": "application/json"
        },
        "body": "{\"data\":[{\"name\":\"market_1\",\"resource_id\":\"123\",\"units\":\"W\",\"interval\":\"60\",\"status\":\"1\"}]}"
    },
    {
        "httpMethod": "DELETE",
        "path": "/STAGING/db/markets",
        "headers": {
            "Content-Type": "application/json"
        },
        "body": "{\"data\":[{\"market_id\":\"eed1e71df2495fbf2bdbf629afe8b0\"}]}"
    },
    {
        "httpMethod": "GET",
        "path": "/STAGING/db/market",
        "pathParameters": {
            "market_id": "eed1e71df2495fbf2bdbf629afe8b0"
        },
        "headers": {
            "Content-Type": "application/json"
        }
    },
    {
        "httpMethod": "POST",
        "path": "/STAGING/db/market",
        "headers": {
            "Content-Type": "application/json"
        },
        "body": "{\"name\":\"market_1\",\"resource_id\":\"123\",\"units\":\"W\",\"interval\":\"60\",\"status\":\"1\"}"
    },
    {
        "httpMethod": "PUT",
        "path": "/STAGING/db/market",
        "headers": {
            "Content-Type": "application/json"
        },
        "pathParameters": {
            "market_id": "eed1e71df2495fbf2bdbf629afe8b0"
        },
        "body": "{\"market_id\":\"eed1e71df2495fbf2bdbf629afe8b0\",\"name\":\"market_1\",\"resource_id\":\"123\",\"units\":\"W\",\"interval\":\"60\",\"status\":\"1\", \"valid_at\":\"1231231\"}"
    },
    {
        "httpMethod": "DELETE",
        "path": "/STAGING/db/market",
        "pathParameters": {
            "market_id": "eed1e71df2495fbf2bdbf629afe8b0"
        },
        "headers": {
            "Content-Type": "application/json"
        }
    }
]