device_id,agent_id,device_type,valid_at
2889aa388e6ee97b6cc9ce24ff041080,195728adee3af42120c157833a391249,HC,1678118400
8f692ff3f9519b9dc15e760962be76,195728adee3af42120c157833a391249,HW,1678118400
5620636b927bef451efb3421aaf751ec,195728adee3af42120c157833a391249,PV,1678118400
72f325e06b1b60211bfcb6f2b530a2d,195728adee3af42120c157833a391249,EV,1678118400
3bd3c653deee0956613cb09229e5e52a,195728adee3af42120c157833a391249,ES,1678118400
6f3c8f85a30e642656a9442b2d7093b7,37e675944fd7bffd61d761a55ab51433,HC,1678118400
4be8ca5eebbedb5c451200f582453247,37e675944fd7bffd61d761a55ab51433,HW,1678118400
3a76db804e0dc7144342aaea0420ac03,37e675944fd7bffd61d761a55ab51433,PV,1678118400
405a79d39f7068b07b9357bb13929d6a,37e675944fd7bffd61d761a55ab51433,EV,1678118400
320d141048c23741139cc30262369a86,37e675944fd7bffd61d761a55ab51433,ES,1678118400
bee47a9935776f7993c5b81e67441b,472afec6d8045c4552ceb6bb71be2f8d,HC,1678118400
48803622a2417b5716b2e6f3303c79b2,472afec6d8045c4552ceb6bb71be2f8d,HW,1678118400
27584ac5072e22323df63245a29b9683,472afec6d8045c4552ceb6bb71be2f8d,PV,1678118400
6d2cc950a67bd6f5fdbe189e59997a5,472afec6d8045c4552ceb6bb71be2f8d,EV,1678118400
35c8034bfc82e89c27394ab1d0b1a13c,472afec6d8045c4552ceb6bb71be2f8d,ES,1678118400
74ef3dee1437a924552702b21b367d61,22183290e84bdfe43ec149a352369118,HC,1678118400
4b7bb5b0a4ace8c3ec88469b04fc8a,22183290e84bdfe43ec149a352369118,HW,1678118400
699d6d8ae58fe546118f409b92320740,22183290e84bdfe43ec149a352369118,PV,1678118400
2873d4c5d5dcb655651e6a40584bfb99,22183290e84bdfe43ec149a352369118,EV,1678118400
bb6b4854ff039b315f35029a3deaecf,22183290e84bdfe43ec149a352369118,ES,1678118400
531a982c30b4e39963c676d51638438,252029dcc6e1b2d11f871ffa386018ec,HC,1678118400
5e6ecc0d5b87213236f67f64f67bf5a3,252029dcc6e1b2d11f871ffa386018ec,HW,1678118400
15a0be1a3cc59f9a60691da997a75b69,252029dcc6e1b2d11f871ffa386018ec,PV,1678118400
7451d975e7f63a34320367cd6559a090,252029dcc6e1b2d11f871ffa386018ec,EV,1678118400
25fb1392be789bd0113cb431cbf996f5,252029dcc6e1b2d11f871ffa386018ec,ES,1678118400
23b2bee2f74dd5355dec114eace5055f,4c7afd53ae1ba01a334627c54e109f9c,HC,1678118400
24c02a5bf96955bb1f84c500e2cf2703,4c7afd53ae1ba01a334627c54e109f9c,HW,1678118400
6c0a3ac1e59fa88652d74d18e6eac27a,4c7afd53ae1ba01a334627c54e109f9c,PV,1678118400
1e95ef21fe9e88d5dd06378592b7b8,4c7afd53ae1ba01a334627c54e109f9c,EV,1678118400
1bfefbae2e66ab6f672db05bcd3460ca,4c7afd53ae1ba01a334627c54e109f9c,ES,1678118400
1324ff57eb14fc875a605710669a9cf,3375c46d3f706ef857001f00a2e8e29b,HC,1678118400
251b5a23265d4db457ddb760c27817,3375c46d3f706ef857001f00a2e8e29b,HW,1678118400
67a8a5f01b3023ac2a2e1b2bed6733bd,3375c46d3f706ef857001f00a2e8e29b,PV,1678118400
6607c322ee7d606883c3b53e111012d,3375c46d3f706ef857001f00a2e8e29b,EV,1678118400
3b33359b7a276727449459ab65f020de,3375c46d3f706ef857001f00a2e8e29b,ES,1678118400
60e367be790447d7103f4940e5909c11,44cc5ea59affa73b36232d54d8abb444,HC,1678118400
89e619a633457d519ce999c39eba76e,44cc5ea59affa73b36232d54d8abb444,HW,1678118400
443460701c4b832810daeb557034e031,44cc5ea59affa73b36232d54d8abb444,PV,1678118400
30b5dd8eae331fab387d4c4db38aa68d,44cc5ea59affa73b36232d54d8abb444,EV,1678118400
f46fcb7d873d546404c53b490fc5c7,44cc5ea59affa73b36232d54d8abb444,ES,1678118400
1c31fd57b1415e4718017d1d172df3e1,6bf2268d5a88879c5f1ccfa9c3580a4d,HC,1678118400
2c4d7771be161fc52d7405f41cf296f9,6bf2268d5a88879c5f1ccfa9c3580a4d,HW,1678118400
4e2dfd67d0903c37376ce8d73e6f05c9,6bf2268d5a88879c5f1ccfa9c3580a4d,PV,1678118400
2349905529a86a4ee5b655a24840e77,6bf2268d5a88879c5f1ccfa9c3580a4d,EV,1678118400
4d475074e704799039e36ed22c100e77,6bf2268d5a88879c5f1ccfa9c3580a4d,ES,1678118400
9f26c87844533929ba98f25788eb08,1762aef0b0f1b5d74ce4b5c23d9ea843,HC,1678118400
27c40eef604f9b2769030baadd445f8,1762aef0b0f1b5d74ce4b5c23d9ea843,HW,1678118400
4ba1b08cb1dd7c744ea9b964b74f375e,1762aef0b0f1b5d74ce4b5c23d9ea843,PV,1678118400
6954b05bb953e1013a7ce34ed3986f53,1762aef0b0f1b5d74ce4b5c23d9ea843,EV,1678118400
1eb7c1bc0cfc18a92d7f818e69790616,1762aef0b0f1b5d74ce4b5c23d9ea843,ES,1678118400
37952fec43fe0192cce6ae450a17d0e,5bf2a9f4ed473918759131f170ef3328,HC,1678118400
f133d9b0e0f4ceb1bb85e4eca2a4826,5bf2a9f4ed473918759131f170ef3328,HW,1678118400
4dfeb63f395b1cd06e9dd1cb64913e75,5bf2a9f4ed473918759131f170ef3328,PV,1678118400
7ea238a27d5c3a2f2e04ef4158bb2c5a,5bf2a9f4ed473918759131f170ef3328,EV,1678118400
271d97d106ed7d216f19a27e7700a111,5bf2a9f4ed473918759131f170ef3328,ES,1678118400
1e5c43db2a3a9e6a784477e62c65d93d,91e1a3da228704b6de6da9bd1d7d468,HC,1678118400
741401d58c7534ee7d5d511541553756,91e1a3da228704b6de6da9bd1d7d468,HW,1678118400
3ce6d5a610e3dde97aa50c81e8a21b81,91e1a3da228704b6de6da9bd1d7d468,PV,1678118400
4985f76adcf86a9a1c240c29f862c6f8,91e1a3da228704b6de6da9bd1d7d468,EV,1678118400
975b1074ab6103b7af8dd3e6fcdbef8,91e1a3da228704b6de6da9bd1d7d468,ES,1678118400
6d42a5be9f5edcca44dcde5cfaf86716,7e5fee00b102a34631e3fdf2102dc8f7,HC,1678118400
51e7dfef52094e3e5560431040d1544a,7e5fee00b102a34631e3fdf2102dc8f7,HW,1678118400
69fa1cd6482c667f1288225380e375e9,7e5fee00b102a34631e3fdf2102dc8f7,PV,1678118400
562b654669a930deab3683cbe8a154,7e5fee00b102a34631e3fdf2102dc8f7,EV,1678118400
10abb0000ddccad2597652a0f2bc348c,7e5fee00b102a34631e3fdf2102dc8f7,ES,1678118400
29b18afb0a454ad86c17dac02cf3fd00,1173243679294d88225687883b6e1255,HC,1678118400
28b07b61555f33443b9b3189b46e985b,1173243679294d88225687883b6e1255,HW,1678118400
7dacf6efce2091b4207ea4fa5be3bd2a,1173243679294d88225687883b6e1255,PV,1678118400
2eac6496660435f3b9435e89dbf45be,1173243679294d88225687883b6e1255,EV,1678118400
2f6c6fc8aad76c522c16494b949aadce,1173243679294d88225687883b6e1255,ES,1678118400
16e2a3a9e0274052644d8e3c61a137a3,55b49ba96b52ccd14767f7f15ad936d8,HC,1678118400
a9a65d48204b1921f781aa6da845d13,55b49ba96b52ccd14767f7f15ad936d8,HW,1678118400
d10bc336dfe81d114461bcd03ac753e,55b49ba96b52ccd14767f7f15ad936d8,PV,1678118400
6d90b51a32eb15b45196c0bcb99f6bd9,55b49ba96b52ccd14767f7f15ad936d8,EV,1678118400
18f851f44a2838f9178b4051266ee240,55b49ba96b52ccd14767f7f15ad936d8,ES,1678118400
6d8e69caba18016169baa748c9464099,1464ac2240a2db42682f0e5bb9cd5559,HC,1678118400
6f2be651fbdc6ded467dcd154c5819a4,1464ac2240a2db42682f0e5bb9cd5559,HW,1678118400
28a9dc3590a72de45b34e24b1c02d0a3,1464ac2240a2db42682f0e5bb9cd5559,PV,1678118400
71b6381edb058a9c61b711bcf0d8058c,1464ac2240a2db42682f0e5bb9cd5559,EV,1678118400
42ec86c40fcab1d41ad2a3da0fb3f100,1464ac2240a2db42682f0e5bb9cd5559,ES,1678118400
20c0a76c2e624d7644908c555b4dfac5,45fca9841613dbf3741c44227f6acbe,HC,1678118400
77900a55063dd5aa5fdde9a1ba2dfdfc,45fca9841613dbf3741c44227f6acbe,HW,1678118400
343cc1f301ed2667254068c5b48ccd65,45fca9841613dbf3741c44227f6acbe,PV,1678118400
80b809409bc4d9e5fd88fab1296cfbd,45fca9841613dbf3741c44227f6acbe,EV,1678118400
201a6f3f0c522c036339c3c2fc8ea0a7,45fca9841613dbf3741c44227f6acbe,ES,1678118400
4ba376c82d9e9e943c06a86220a8c701,5c8270edab957fb9543e3afe6d925316,HC,1678118400
73f020fbcf46dcad3d08b6d69ba2abce,5c8270edab957fb9543e3afe6d925316,HW,1678118400
57a291ecf9bc061f71877016f32c1e3,5c8270edab957fb9543e3afe6d925316,PV,1678118400
56ab73b4a09fa523244926ef180c4e7e,5c8270edab957fb9543e3afe6d925316,EV,1678118400
64533959323eb3272d75ac34202517ce,5c8270edab957fb9543e3afe6d925316,ES,1678118400
1852dc5d24187cd54667799fd1f76ae3,2ed11fcf0760360f22653b6933be794f,HC,1678118400
79bac0165f27e0263f3b66a713e41233,2ed11fcf0760360f22653b6933be794f,HW,1678118400
588fe257a968234592f10daba4f90ad,2ed11fcf0760360f22653b6933be794f,PV,1678118400
42671dd132fa529d6056f52d44d3751d,2ed11fcf0760360f22653b6933be794f,EV,1678118400
2138d60e8f2bc5f143b0804d4acb3248,2ed11fcf0760360f22653b6933be794f,ES,1678118400
6fad1b151efe0957624021209bb8000,54f0151cbd35ee3a7421e77fa0a1c149,HC,1678118400
5af97356eb3af945a106e064a0584fe,54f0151cbd35ee3a7421e77fa0a1c149,HW,1678118400
2d6e8d268ce9c56533cb9cd65ee59fb4,54f0151cbd35ee3a7421e77fa0a1c149,PV,1678118400
511c2f72a520e0577d8e6ef7b039c18,54f0151cbd35ee3a7421e77fa0a1c149,EV,1678118400
c0e6988091a7d822898f6bb144664f1,54f0151cbd35ee3a7421e77fa0a1c149,ES,1678118400
4220e268359bd05623e33a2f4ac06660,455e5c60199679d02b993e00e7ba1f6f,HC,1678118400
4e9c3564cd7b7ad3b0f8e8b75160033,455e5c60199679d02b993e00e7ba1f6f,HW,1678118400
1927bc41c018aa92281aecd4a3004868,455e5c60199679d02b993e00e7ba1f6f,PV,1678118400
2cfea4852fb7eb443fc5e73c0398f326,455e5c60199679d02b993e00e7ba1f6f,EV,1678118400
3c895536dfb0eb7f7f7098615a17da9d,455e5c60199679d02b993e00e7ba1f6f,ES,1678118400
397b7675769ce869158d257d1a47a630,361a2dd7103b24f7042100a0e1852a8,HC,1678118400
19d0d3015f8e0001663b3206dc8403d8,361a2dd7103b24f7042100a0e1852a8,HW,1678118400
1ff44f9397f9e564563dc89f3fd0d3f6,361a2dd7103b24f7042100a0e1852a8,PV,1678118400
18ebb56506d0c00161c041460a9a49de,361a2dd7103b24f7042100a0e1852a8,EV,1678118400
349dfbf231872334412260f551a7d0f1,361a2dd7103b24f7042100a0e1852a8,ES,1678118400
23bef22199696857626229366e2c4653,2e5cd6b1d3497dd7597008c222a99a6a,HC,1678118400
a485829fa3266ba57a5b8360c58cfb1,2e5cd6b1d3497dd7597008c222a99a6a,HW,1678118400
2532bd33bfeb2475605a9a986bfde89e,2e5cd6b1d3497dd7597008c222a99a6a,PV,1678118400
25ba320de55212cd24a9d3fa0f644003,2e5cd6b1d3497dd7597008c222a99a6a,EV,1678118400
1526025c53d0b1d4e4a61996ea03c96,2e5cd6b1d3497dd7597008c222a99a6a,ES,1678118400
66ecc344b32e2da9740844e8af5b9800,42188ff362b222c96de066ef2a5c91ff,HC,1678118400
1190a730585f4e2a19fc56537d65cf37,42188ff362b222c96de066ef2a5c91ff,HW,1678118400
22b8b811af7c2093aaede5139e03a00,42188ff362b222c96de066ef2a5c91ff,PV,1678118400
788b6730bc22002d7a2db7a688f1e2a5,42188ff362b222c96de066ef2a5c91ff,EV,1678118400
448fbbdb56ec9c226e4c05855d190468,42188ff362b222c96de066ef2a5c91ff,ES,1678118400
4dd580b83051e5c7497cd0f8fe7e88c,581763d98f54167f84f0892008f7ea5,HC,1678118400
515f59ea9e8c8dd6621b28b7f195d839,581763d98f54167f84f0892008f7ea5,HW,1678118400
65ee854ba90692651898f12b89cdc30f,581763d98f54167f84f0892008f7ea5,PV,1678118400
7216ad5ec566dfa23156f5a0fe01a5f9,581763d98f54167f84f0892008f7ea5,EV,1678118400
77eb32efa952f15a4b5e98a44fe1b88a,581763d98f54167f84f0892008f7ea5,ES,1678118400
1469fa92a4d6988b7c6a2e66a2aac57c,3881bf209afd05447b9fb033e2b08f45,HC,1678118400
661a64006d6212dc7c810b2a36db686c,3881bf209afd05447b9fb033e2b08f45,HW,1678118400
531633d32c011d22325b273c6defe789,3881bf209afd05447b9fb033e2b08f45,PV,1678118400
68abcb4d69d4e5bf11ccf4b0f04cf5d5,3881bf209afd05447b9fb033e2b08f45,EV,1678118400
191d0b16f5cd1a875f2268d02690216,3881bf209afd05447b9fb033e2b08f45,ES,1678118400
1c2e116e7feabbc27e90ef918f184adc,6bba76437fb5c90a271e155bd0855083,HC,1678118400
767f77df350241821ee83e77efb74643,6bba76437fb5c90a271e155bd0855083,HW,1678118400
26069a24051783004524ea5e7d93f2e4,6bba76437fb5c90a271e155bd0855083,PV,1678118400
2ed4844e7423a9a41b203adc69818b0b,6bba76437fb5c90a271e155bd0855083,EV,1678118400
21d7e31f24d64edc5159d1ce20b54409,6bba76437fb5c90a271e155bd0855083,ES,1678118400
72bdf7388f21b43d63c7c360f7821614,d224a46fd9f281f5af3d1e0bdc0b9c0,HC,1678118400
715476663de2376c5d71dc21a541fe65,d224a46fd9f281f5af3d1e0bdc0b9c0,HW,1678118400
32eaaad744f8a287d23911043c728e4,d224a46fd9f281f5af3d1e0bdc0b9c0,PV,1678118400
8c6c09847060eb3793f4a6f1a84d6c7,d224a46fd9f281f5af3d1e0bdc0b9c0,EV,1678118400
7d68116c789ffebe270353db4e3759c,d224a46fd9f281f5af3d1e0bdc0b9c0,ES,1678118400
1ce4cf85ec252c6d3e2c4888e690fab4,75356371ae78cbae1949feb25680f522,HC,1678118400
24af5d8a0edb4f314e6e56c0815fdcbf,75356371ae78cbae1949feb25680f522,HW,1678118400
8c0a37d06778fca6e8459b9739d01b2,75356371ae78cbae1949feb25680f522,PV,1678118400
4a83dceceda1348e66324944d733eb9c,75356371ae78cbae1949feb25680f522,EV,1678118400
27388ab3e66a0033108107925ca1268e,75356371ae78cbae1949feb25680f522,ES,1678118400
5a0cdfc015db7b39183abcbd82d39b22,6931346ac4f5cafb3671f49500d517ac,HC,1678118400
5d59bb01f15a9c474e077fa2608d86cd,6931346ac4f5cafb3671f49500d517ac,HW,1678118400
13f9d2df5166510a4600eda1f6bae440,6931346ac4f5cafb3671f49500d517ac,PV,1678118400
59aef531437a411f3a892ccb12cff16d,6931346ac4f5cafb3671f49500d517ac,EV,1678118400
37249c3854369bb14895b84ddaee5a3a,6931346ac4f5cafb3671f49500d517ac,ES,1678118400
2c88c85767ad59e15c56c64c9adffb26,43e3686df5e084e412f07ebf6307c78e,HC,1678118400
629b786cc6c4866777494f607455eee6,43e3686df5e084e412f07ebf6307c78e,HW,1678118400
246efe7c773b2613176d50923592b330,43e3686df5e084e412f07ebf6307c78e,PV,1678118400
4c5cae95f5b587093566b8a6de567109,43e3686df5e084e412f07ebf6307c78e,EV,1678118400
6fd4a1046809b3ee1301254e5c580237,43e3686df5e084e412f07ebf6307c78e,ES,1678118400
62e2a7c774d0361f21668fd425a01fb1,77bcb51e57072ce4291af77fdc858e7,HC,1678118400
4b10017a2195c67a3a343088b96e7f8e,77bcb51e57072ce4291af77fdc858e7,HW,1678118400
305b14724d84c19b414e027b13ad98a8,77bcb51e57072ce4291af77fdc858e7,PV,1678118400
50e2bbb2886345611193df4a7ab6df3a,77bcb51e57072ce4291af77fdc858e7,EV,1678118400
2e0960f5bb2a901b7df6627a2f48332b,77bcb51e57072ce4291af77fdc858e7,ES,1678118400
722e47ce877b7a1e6c5ad5cbf6a3335e,285a4bc4587dfa723073f6b51a84cd21,HC,1678118400
7a73e404e2b06f331ed16c3a81fa9720,285a4bc4587dfa723073f6b51a84cd21,HW,1678118400
39f9467f68b6745f7563f309dfec9c03,285a4bc4587dfa723073f6b51a84cd21,PV,1678118400
2ea63ab39fafc19c778c249abf191871,285a4bc4587dfa723073f6b51a84cd21,EV,1678118400
8ed39e0b16bc3d01d143352303c5417,285a4bc4587dfa723073f6b51a84cd21,ES,1678118400
7159748384237ebb76c18628e630d946,60e1375969bdfd6f501b1ac94da65213,HC,1678118400
18700a2a9a9e69dc453958c653d40381,60e1375969bdfd6f501b1ac94da65213,HW,1678118400
75c6af124b28ec8e7639e74c78c618b1,60e1375969bdfd6f501b1ac94da65213,PV,1678118400
2ff00d63cd27eb685c95a29093117904,60e1375969bdfd6f501b1ac94da65213,EV,1678118400
736332b8345b05264df7d6a329fee5db,60e1375969bdfd6f501b1ac94da65213,ES,1678118400
5799d7370caaaa1a55920fadbef248,5e42d0ad031485866b83b2eaccb724a2,HC,1678118400
5074ae76eec8d2eb32aeea535ad1aaf5,5e42d0ad031485866b83b2eaccb724a2,HW,1678118400
51dca07ff88f5a9019baf159e47af867,5e42d0ad031485866b83b2eaccb724a2,PV,1678118400
44b84b5c210977855ec44fd4bcedea85,5e42d0ad031485866b83b2eaccb724a2,EV,1678118400
2e5618ac928c051171c8c40c69f0ad43,5e42d0ad031485866b83b2eaccb724a2,ES,1678118400
f1ce0cde0298ff718f9157b807770f,16505f85dac324ab1e29c3efd8c0d177,HC,1678118400
2a7e29fc42bc31dc7ba64572aef4edf5,16505f85dac324ab1e29c3efd8c0d177,HW,1678118400
2e3cbe072d0d2fe520bd99e39d60a95f,16505f85dac324ab1e29c3efd8c0d177,PV,1678118400
2e77ee21bf7293332e17286243f0d22c,16505f85dac324ab1e29c3efd8c0d177,EV,1678118400
5c0bc63ec2de618d2bccfbc1c849a180,16505f85dac324ab1e29c3efd8c0d177,ES,1678118400
689aa07181123f247d34d84425576252,164fdaf334ad12f0d211ed47c805862,HC,1678118400
4cedbc7ee57286865adaf3ceaeb9b8be,164fdaf334ad12f0d211ed47c805862,HW,1678118400
1621ff117895cf9f73975bdfd2329d09,164fdaf334ad12f0d211ed47c805862,PV,1678118400
4f7d73fb9988b7b1280d829a68acb56,164fdaf334ad12f0d211ed47c805862,EV,1678118400
471b4734bab02be34f8880964550600,164fdaf334ad12f0d211ed47c805862,ES,1678118400
565c11e1182dc6f5ee59f1943da32fe,1ac64d72a7a444016c232171deada2d5,HC,1678118400
77526e84027f65b1455b5abead4102c3,1ac64d72a7a444016c232171deada2d5,HW,1678118400
4a4fbc397e22c57253a81228da264bd0,1ac64d72a7a444016c232171deada2d5,PV,1678118400
6425506c6b28d3ff1ef387a724a4e454,1ac64d72a7a444016c232171deada2d5,EV,1678118400
5a6ef5e00e0f9992547bd0f554b33d4e,1ac64d72a7a444016c232171deada2d5,ES,1678118400
4255b38cf60d221818b2dbb8bbc8c897,404a1309269b2d1d5f9d79076823621a,HC,1678118400
63d2d83975d40ebb9d13f334b9043c,404a1309269b2d1d5f9d79076823621a,HW,1678118400
6c63e67396eb872111eff7181d561fbd,404a1309269b2d1d5f9d79076823621a,PV,1678118400
12db25ad9b689c93217e6a8e5ddfd5d4,404a1309269b2d1d5f9d79076823621a,EV,1678118400
1231bbda3534ab58d5261f38b8fb9e2,404a1309269b2d1d5f9d79076823621a,ES,1678118400
36fe6791b5017ef361a66d4cafb58662,1d5211668dda0cc14bc186f1fe3907d5,HC,1678118400
501241f4acab96271789c8051c6ca28c,1d5211668dda0cc14bc186f1fe3907d5,HW,1678118400
1b23882e19ab80205a96d62cb0f05bbf,1d5211668dda0cc14bc186f1fe3907d5,PV,1678118400
72b8796aa27ca9446051b06183c2863b,1d5211668dda0cc14bc186f1fe3907d5,EV,1678118400
188485958986229810d7c1782ef1ebd1,1d5211668dda0cc14bc186f1fe3907d5,ES,1678118400
57fb493395bab4815f5c39dc10bef85c,15080a02f45df404209707379105f0c2,HC,1678118400
2ad23f81136c76b8578f2b25b32afc96,15080a02f45df404209707379105f0c2,HW,1678118400
4fcdb07a85e753df25860fa3e773b318,15080a02f45df404209707379105f0c2,PV,1678118400
8ea7299d2bee62e33d1771860185a50,15080a02f45df404209707379105f0c2,EV,1678118400
7b18193067f328aa651fa98a4f836e5,15080a02f45df404209707379105f0c2,ES,1678118400
3a4267dda3ca4f275489ddf066d85f76,3314263f0102e818330b99373d7fbd20,HC,1678118400
6af48f1be649e8b766b1bbb43d665488,3314263f0102e818330b99373d7fbd20,HW,1678118400
4c6ae814d31e04ba5bf30e1a14ea4f21,3314263f0102e818330b99373d7fbd20,PV,1678118400
7000e4d665d50fb8da95fb96f1bdfca,3314263f0102e818330b99373d7fbd20,EV,1678118400
51d966f59d207cf9378578ab94136306,3314263f0102e818330b99373d7fbd20,ES,1678118400
4770e76a564fb9d9648f8e394d11eefd,6070dd8c83c14f9c3300ca3a43de5b8b,HC,1678118400
2b2bb31c0ed20a73198e2e90794dd96,6070dd8c83c14f9c3300ca3a43de5b8b,HW,1678118400
6b1950a0241e384b42f0ce39c73cbb7f,6070dd8c83c14f9c3300ca3a43de5b8b,PV,1678118400
2ba12902e241e687cd864fd4db2d7a3,6070dd8c83c14f9c3300ca3a43de5b8b,EV,1678118400
7939765d64d32c873243d4e8173a746f,6070dd8c83c14f9c3300ca3a43de5b8b,ES,1678118400
331cdb5a1b2b3fd67c10cb21e1c6a5b6,41385580930b8ecc4e5b422411c769ad,HC,1678118400
2d3f65680ea9f5bf58a217644c613108,41385580930b8ecc4e5b422411c769ad,HW,1678118400
1e668db41e3718da3afc1841b26c4b0b,41385580930b8ecc4e5b422411c769ad,PV,1678118400
fdaa9164bdefe813ec393eebbc03df2,41385580930b8ecc4e5b422411c769ad,EV,1678118400
6d877d3cccf649806efa3608664dffd1,41385580930b8ecc4e5b422411c769ad,ES,1678118400
125abde0645f4fb6e78867a6aeb6718,b785bfa6cd712d31118b207a09a2ded,HC,1678118400
23d6af924cec4bca4ef2a1e32eda6994,b785bfa6cd712d31118b207a09a2ded,HW,1678118400
729298002470f6c164930bbb90c05cbd,b785bfa6cd712d31118b207a09a2ded,PV,1678118400
66f216c62664cf5a6d44468f725437ab,b785bfa6cd712d31118b207a09a2ded,EV,1678118400
173640e4bd126fd1c44e1ec32357a13,b785bfa6cd712d31118b207a09a2ded,ES,1678118400
6d052505e4c4814958915b1a6e3fa980,26fe1b485c1b93f6125924c267ab83ce,HC,1678118400
35491cf12754b5cd367ea3cd08cefd84,26fe1b485c1b93f6125924c267ab83ce,HW,1678118400
5fea9a73b6e8874b39be9d0c371c29f9,26fe1b485c1b93f6125924c267ab83ce,PV,1678118400
e365b29e97f67e659b9806a0e02be6a,26fe1b485c1b93f6125924c267ab83ce,EV,1678118400
5838e141e163de4f2f7aa12ef533cfbf,26fe1b485c1b93f6125924c267ab83ce,ES,1678118400
21e4fd4f45996c0581276717da62ba9,6627a83de1e11e287e7151af2273d981,HC,1678118400
77126c80777cd861924ffdd4cff8a70,6627a83de1e11e287e7151af2273d981,HW,1678118400
3e11f95335f7a5332ca2a5231d3864f0,6627a83de1e11e287e7151af2273d981,PV,1678118400
7149710dc68a113025150d454cff788b,6627a83de1e11e287e7151af2273d981,EV,1678118400
2a432df4ba2dd9a21a4094d2770e6246,6627a83de1e11e287e7151af2273d981,ES,1678118400
350935727e7219d32830d438f7471db0,27b48a5862a33252dfc9132aaf1619b,HC,1678118400
2479fa64bc1258171eb5c4be3d6038e5,27b48a5862a33252dfc9132aaf1619b,HW,1678118400
2857a35c49776d465b14230999e11798,27b48a5862a33252dfc9132aaf1619b,PV,1678118400
591172af39de19a524f201b2e17661ac,27b48a5862a33252dfc9132aaf1619b,EV,1678118400
1e27a57f0efe4a995191ddbc576bf9d,27b48a5862a33252dfc9132aaf1619b,ES,1678118400
4decac3b9782948d332b6c08f9e58beb,31945de5976c675979ea136b27d63e8f,HC,1678118400
8acb93c564ac16b2008b9b4b55abb34,31945de5976c675979ea136b27d63e8f,HW,1678118400
2302ccef2c09240a67224f8e1332532c,31945de5976c675979ea136b27d63e8f,PV,1678118400
7c8497d393e36d22259d3db417d0b4db,31945de5976c675979ea136b27d63e8f,EV,1678118400
c203e5405dcf8954ef476eae020215d,31945de5976c675979ea136b27d63e8f,ES,1678118400
73c34edf4244e78828e2f0fccd1f1c7a,14b8b015034631277c8ff8bdceb860bc,HC,1678118400
29465312caeac79c7708ad314809b3c3,14b8b015034631277c8ff8bdceb860bc,HW,1678118400
51a2351a1a5710bf4ab22e562d98a6b,14b8b015034631277c8ff8bdceb860bc,PV,1678118400
7a7a2deb06689f3d1928916890eaf340,14b8b015034631277c8ff8bdceb860bc,EV,1678118400
451f1a0c1ea398f011bd9fe9591cf97e,14b8b015034631277c8ff8bdceb860bc,ES,1678118400
377a787b58f2a9e417a8e1c45550d30b,1521426e521f4abd2bec3b9e2910301c,HC,1678118400
75b49238ea44da81a6ab3ff6d468ed3,1521426e521f4abd2bec3b9e2910301c,HW,1678118400
493530edac2928ec1e861339a1ffb68f,1521426e521f4abd2bec3b9e2910301c,PV,1678118400
324cd7f2ae44f27861019b6df3639841,1521426e521f4abd2bec3b9e2910301c,EV,1678118400
4290f5ba4ecdfd857362ba525e773486,1521426e521f4abd2bec3b9e2910301c,ES,1678118400
504f26c8916f8a892b4f9188d745e93c,667a90a395693d5f4f19ff56f771d3f0,HC,1678118400
1124280f924110ea231a3a6f97c50be8,667a90a395693d5f4f19ff56f771d3f0,HW,1678118400
2b09f304d7cdbed5ed52640ce3cbca1,667a90a395693d5f4f19ff56f771d3f0,PV,1678118400
5eb3c08ab882e247985c8987cc4d47,667a90a395693d5f4f19ff56f771d3f0,EV,1678118400
181313c49e82b69b58a085b53f1b6024,667a90a395693d5f4f19ff56f771d3f0,ES,1678118400
7b78122ca4ce7be829315bce5846ef76,5628de4a0127565b2385547d16c684af,HC,1678118400
5d8e55b5ee20ad375fbbff4a832267,5628de4a0127565b2385547d16c684af,HW,1678118400
6ade7684fa5aba035f91640a67af2c69,5628de4a0127565b2385547d16c684af,PV,1678118400
176893d1723b55e3160258cce24f064,5628de4a0127565b2385547d16c684af,EV,1678118400
318141a2b0ec5d326fa0c567b67b2af,5628de4a0127565b2385547d16c684af,ES,1678118400
351b1046f238a6b698c29f9767ae87b,922a09cdcaeed6010b2cc3e74ee465e,HC,1678118400
7a833b70890d79c11f9885b610e876bc,922a09cdcaeed6010b2cc3e74ee465e,HW,1678118400
2bd8487d398f50cf57ffa05e59ab17cc,922a09cdcaeed6010b2cc3e74ee465e,PV,1678118400
7e18715d12dc49295aa7d5f05dbc5af0,922a09cdcaeed6010b2cc3e74ee465e,EV,1678118400
1344b0f2719d956f364cda0e802c78ce,922a09cdcaeed6010b2cc3e74ee465e,ES,1678118400
583fd26ab6490e915d63f37e9071f628,12a80d90cd6dad543aeb0530bf59538c,HC,1678118400
4da543b03f95d3a0242317db94d0b424,12a80d90cd6dad543aeb0530bf59538c,HW,1678118400
1fe7830b7a479ee921d977fae0c878e9,12a80d90cd6dad543aeb0530bf59538c,PV,1678118400
7e98f43f636fbf043fe78853defd589a,12a80d90cd6dad543aeb0530bf59538c,EV,1678118400
218cfbc3d0fafe344f97907a104e2dcc,12a80d90cd6dad543aeb0530bf59538c,ES,1678118400
19ed7ae9c2c77706a8c848c937f726f,3b93eaf36a08226e45dca2e2fb542e2e,HC,1678118400
46a17722c3552fb860e86393329a0723,3b93eaf36a08226e45dca2e2fb542e2e,HW,1678118400
1da05d745dc5040c45c6d2ff516cc69,3b93eaf36a08226e45dca2e2fb542e2e,PV,1678118400
3c38be1f29a97ad26158b611dbadc49c,3b93eaf36a08226e45dca2e2fb542e2e,EV,1678118400
391472a46d9659d85710f9b48abdb989,3b93eaf36a08226e45dca2e2fb542e2e,ES,1678118400
7b709917530b341554c5269c5ddf2a90,7aa4278b71b70a286c1cf789d23518be,HC,1678118400
327c43cede1fbc7c56ec9a8d017eed2c,7aa4278b71b70a286c1cf789d23518be,HW,1678118400
2f06564e02f410145c5ec67e08474291,7aa4278b71b70a286c1cf789d23518be,PV,1678118400
100f8c61b758b2246180ccebc314cde7,7aa4278b71b70a286c1cf789d23518be,EV,1678118400
30fe64dbc15d6bc94332bce044fcf88c,7aa4278b71b70a286c1cf789d23518be,ES,1678118400
23f0fb067157ff763bfcb1cf5070a00,6dd65e3ce75b8c537bbdff9ad1a90583,HC,1678118400
7fe28e30595463ba48e330908fbfb6ec,6dd65e3ce75b8c537bbdff9ad1a90583,HW,1678118400
69601792cba326ac6155cf3c580e6416,6dd65e3ce75b8c537bbdff9ad1a90583,PV,1678118400
684ef747dd8ad06ffc1d6a6625d4207,6dd65e3ce75b8c537bbdff9ad1a90583,EV,1678118400
159a826d12e8af6e50cd54dd393a7eef,6dd65e3ce75b8c537bbdff9ad1a90583,ES,1678118400
32b7b4b29efac8f27630580ccfe3fa2f,24ad632250f2ff0347e24f72dff6abda,HC,1678118400
447b2c64c9174c8773beaf3392fecb85,24ad632250f2ff0347e24f72dff6abda,HW,1678118400
5e0234c565b7c2a347711a2d14504269,24ad632250f2ff0347e24f72dff6abda,PV,1678118400
588ffb0583beee4677ead2a510c58a77,24ad632250f2ff0347e24f72dff6abda,EV,1678118400
6c38784c6ab8a3cf6414e8d0488f5339,24ad632250f2ff0347e24f72dff6abda,ES,1678118400
70741b9f1cf9fbca31e5b69c7508386e,b86fab45ab777d21f4992e624319473,HC,1678118400
5337eb407b8928627c39fb5ecc725b81,b86fab45ab777d21f4992e624319473,HW,1678118400
7426e3175889de554ea366299969562e,b86fab45ab777d21f4992e624319473,PV,1678118400
2b246af1234cab5956c7618dcfda0c96,b86fab45ab777d21f4992e624319473,EV,1678118400
4ffbe67bcc6c15166b2a6db5153e108,b86fab45ab777d21f4992e624319473,ES,1678118400
15d4465e8441d441cd43d0ad0e8326,47e6dae11e5daf8757dc3ef9a28164ad,HC,1678118400
339f3d70cc150a1a216ead09611cb39c,47e6dae11e5daf8757dc3ef9a28164ad,HW,1678118400
7bb2cb7d56112e334eb3c4b8fe630cb8,47e6dae11e5daf8757dc3ef9a28164ad,PV,1678118400
436b6e92669003ac3b062e89fba1df0,47e6dae11e5daf8757dc3ef9a28164ad,EV,1678118400
37a6d01bf4009ae512d640ac594856d3,47e6dae11e5daf8757dc3ef9a28164ad,ES,1678118400
3cc4d3696225ab6d6b0f432088b2ec49,55cd16324e76b2f67f431564cc6b711a,HC,1678118400
4a24b49d1aab9511446418c6e61e0d10,55cd16324e76b2f67f431564cc6b711a,HW,1678118400
491016de9024036e504da2b9373a43e8,55cd16324e76b2f67f431564cc6b711a,PV,1678118400
211628d32c19212b5f1c24c4475a8196,55cd16324e76b2f67f431564cc6b711a,EV,1678118400
346ea5a1d721ac7f1b422a260bf66a3b,55cd16324e76b2f67f431564cc6b711a,ES,1678118400
709525db1b51186e5e15f3137b301f2c,360210ef85744ac640741a4b44f62c2b,HC,1678118400
1716489a6f7c879549fab6e60df816c,360210ef85744ac640741a4b44f62c2b,HW,1678118400
29fbd42651cc823d431352f70b269dd9,360210ef85744ac640741a4b44f62c2b,PV,1678118400
5485a9102e0b8d82562fc548d0cbf5b5,360210ef85744ac640741a4b44f62c2b,EV,1678118400
79c908e42a5ae9c1205f39fdcccbd883,360210ef85744ac640741a4b44f62c2b,ES,1678118400
18c6a79e9d212ff9709ee3e1c87832c3,7d672033f932d250e419bcf191360e4,HC,1678118400
44bb502f8fac0b8c31b137b87b5f4b4d,7d672033f932d250e419bcf191360e4,HW,1678118400
34ed86d1c64dc1c60acbad31ed3292d,7d672033f932d250e419bcf191360e4,PV,1678118400
340d46488d403077b476667f9673b9a,7d672033f932d250e419bcf191360e4,EV,1678118400
7e3b6b4c2a584941224b4c539d62b4eb,7d672033f932d250e419bcf191360e4,ES,1678118400
6cd9458812ce7ec833cf30158765ee93,1544f314d1f5f8f322e9ebb5abb86bc0,HC,1678118400
1b0d00e735d290ed11c7d5e12c783dcb,1544f314d1f5f8f322e9ebb5abb86bc0,HW,1678118400
67d5391488f46aee4cd3c0dc5297a2fa,1544f314d1f5f8f322e9ebb5abb86bc0,PV,1678118400
2250842b80a590593393d36fd61eaf5b,1544f314d1f5f8f322e9ebb5abb86bc0,EV,1678118400
52da5eae931941b1fe8876217d52ee8,1544f314d1f5f8f322e9ebb5abb86bc0,ES,1678118400
41204574deb5e7142141372e7809d29b,7c9de5c965cec5bb64a76b03963774e6,HC,1678118400
339d677e43d5619b7d3df54114163f55,7c9de5c965cec5bb64a76b03963774e6,HW,1678118400
781d7fe52d6c94f62691d7bb4c229bd,7c9de5c965cec5bb64a76b03963774e6,PV,1678118400
3584a2496862be0f399c38b3ebbc5fbf,7c9de5c965cec5bb64a76b03963774e6,EV,1678118400
61b7ab945f9b62d012eee214bcf80b56,7c9de5c965cec5bb64a76b03963774e6,ES,1678118400
7c8e966b17a3de5f36147a3cedf62f7b,5a7d5eba97ce85693f4687a3bc6b6391,HC,1678118400
331c2762990255a26f2b3ffacb74952d,5a7d5eba97ce85693f4687a3bc6b6391,HW,1678118400
5b46b935c5d57ccc1d832d8047d895fe,5a7d5eba97ce85693f4687a3bc6b6391,PV,1678118400
fcef52985214e7c34d98d28fb183ac7,5a7d5eba97ce85693f4687a3bc6b6391,EV,1678118400
4272750f82283bd078fa8ca4d689c2a4,5a7d5eba97ce85693f4687a3bc6b6391,ES,1678118400
788babbc9f2252c4afa3a800e5ca543,314a55b09b5b5f6a2aa4bfdd50c2244,HC,1678118400
11ff6bb7589857d12af5f08a696ed2a3,314a55b09b5b5f6a2aa4bfdd50c2244,HW,1678118400
20cd7c04e1aab3ec127c66d6dcd9a549,314a55b09b5b5f6a2aa4bfdd50c2244,PV,1678118400
3886296f93561517463e4e05c161d162,314a55b09b5b5f6a2aa4bfdd50c2244,EV,1678118400
564847269aab95b4799ddb432d7dba1f,314a55b09b5b5f6a2aa4bfdd50c2244,ES,1678118400
3b26c1f3cf9a3a0394d7a0fa27705c5,31024ec5b42a1b2566720a2a5e81f9c,HC,1678118400
5bd866775d216a2156de39797a98ea8e,31024ec5b42a1b2566720a2a5e81f9c,HW,1678118400
5b640c1c54fba2ee62040f1641684273,31024ec5b42a1b2566720a2a5e81f9c,PV,1678118400
469290f48a700d4569cd2c62ec59ba3d,31024ec5b42a1b2566720a2a5e81f9c,EV,1678118400
1a4672d32534733e396d52aad436f5df,31024ec5b42a1b2566720a2a5e81f9c,ES,1678118400
1cc419de7c1c359f5d19fe6bbda329e2,36d8c445c532481f524e5fdc341f8a8b,HC,1678118400
1fa2999c4facca526b945ee5adbce52e,36d8c445c532481f524e5fdc341f8a8b,HW,1678118400
44bbb62fadc2d3435a2ed42a022c23aa,36d8c445c532481f524e5fdc341f8a8b,PV,1678118400
2bad99f3c030ccd14d234cda82950190,36d8c445c532481f524e5fdc341f8a8b,EV,1678118400
2067af52719b9d1b6a1676cf44d575bc,36d8c445c532481f524e5fdc341f8a8b,ES,1678118400
425560e9643ad411432f52e77bb09c8,ef18e4e38cbd6c14bfa5b60285cd7d3,HC,1678118400
610e0a3ba30fc4ee8c5223873e1c5ca,ef18e4e38cbd6c14bfa5b60285cd7d3,HW,1678118400
3a5685f8ed2737bb7485e6f200f962e3,ef18e4e38cbd6c14bfa5b60285cd7d3,PV,1678118400
70be9017afd3cb203b0cb92affc25fa2,ef18e4e38cbd6c14bfa5b60285cd7d3,EV,1678118400
1f682e54487d41b5276afb741368ca21,ef18e4e38cbd6c14bfa5b60285cd7d3,ES,1678118400
1aad9df674c2a96d5a3fdaa5fb4b2af9,43af7a5af5f03d696773dea72d42b7,HC,1678118400
5ad87d9eb312f0e73ea81fbdd4acfbd8,43af7a5af5f03d696773dea72d42b7,HW,1678118400
63567664c4a499c2611737dd1f160e58,43af7a5af5f03d696773dea72d42b7,PV,1678118400
3323c7ada553f9872c10a3d064d8f635,43af7a5af5f03d696773dea72d42b7,EV,1678118400
1b988a0cd4ac15a3316cf6d2743463bf,43af7a5af5f03d696773dea72d42b7,ES,1678118400
7e95b9a9a511cc1361cc426527d2de96,3aa05f308d1ff09787be2abdd272513,HC,1678118400
6216e06b47db2a3a5c94be38b6935017,3aa05f308d1ff09787be2abdd272513,HW,1678118400
4f523b9f97672d994e88758b3b79d687,3aa05f308d1ff09787be2abdd272513,PV,1678118400
330552b78cbfe7aec031daf7c77ff89,3aa05f308d1ff09787be2abdd272513,EV,1678118400
78a6ad5910663c831369b62cd5f7c8ac,3aa05f308d1ff09787be2abdd272513,ES,1678118400
4e274eaf7da9ad8ba5b220108068201,321402ef4874cd87b9ad55c7f393b8e,HC,1678118400
3a85f7c1bd01850c548d509cdb1cc54f,321402ef4874cd87b9ad55c7f393b8e,HW,1678118400
5e1dc7447f79d3ff7f206d72c518a2cb,321402ef4874cd87b9ad55c7f393b8e,PV,1678118400
42a3601725551c144497dda592f45514,321402ef4874cd87b9ad55c7f393b8e,EV,1678118400
4472d5e2f6750e6c47ffd47ed012f221,321402ef4874cd87b9ad55c7f393b8e,ES,1678118400
6e9f49e1b56c649a73733d955c0ec586,79315b749d3668601b367b6f7ee5b71a,HC,1678118400
2bdc7c5a0ce56d8943d10996cf2c9bc9,79315b749d3668601b367b6f7ee5b71a,HW,1678118400
409fa67b970b5abf3add6e7421173236,79315b749d3668601b367b6f7ee5b71a,PV,1678118400
66a964a1d8eeb7a21cedba38e2d7d458,79315b749d3668601b367b6f7ee5b71a,EV,1678118400
aded03eb79e0dfe6a323313a4ecaff6,79315b749d3668601b367b6f7ee5b71a,ES,1678118400
2e474aa83e5274561c4898b6317c2784,29c8e0833b845a337e742b981d7441,HC,1678118400
62b3d7ae516c1aed42cfbbc2b50596d2,29c8e0833b845a337e742b981d7441,HW,1678118400
52dafb06bfc8a8ddbcf8c8b9f732805,29c8e0833b845a337e742b981d7441,PV,1678118400
d94c8a25193c5ab47a4ac64e5482ef1,29c8e0833b845a337e742b981d7441,EV,1678118400
137d013a145a63df2cd7793834865654,29c8e0833b845a337e742b981d7441,ES,1678118400
34e3cd110f6be13530f1aeea2490e3a1,63003607f70de2566df979058a4344a,HC,1678118400
4bbabedcaa8ff2469cadd15b9c6dc56,63003607f70de2566df979058a4344a,HW,1678118400
399c68b00e9e4f23a4aa75158483595,63003607f70de2566df979058a4344a,PV,1678118400
1478eaae74dcd4a61dc321f617083b94,63003607f70de2566df979058a4344a,EV,1678118400
327cdefd4da28d9c7dc2977f7ece4d0,63003607f70de2566df979058a4344a,ES,1678118400
28137bf27de7d8cb4e9d6fb2ca1312bc,32cdce4cfb7ee2188eb5948bf465108,HC,1678118400
2f1fffd7a387929313da7f15d285d093,32cdce4cfb7ee2188eb5948bf465108,HW,1678118400
d1a4709625ec62f5fb32f76266471b6,32cdce4cfb7ee2188eb5948bf465108,PV,1678118400
5896d0c336cd04ec784ee53046c16db1,32cdce4cfb7ee2188eb5948bf465108,EV,1678118400
29e3178f2f4296ce5b9f633a3c668a1f,32cdce4cfb7ee2188eb5948bf465108,ES,1678118400
70c7a30e6dcea520326eb6536e253668,6009a0546ddc36bf44d8f22820af7aa7,HC,1678118400
3af22af53d94cc73458f3219a06c9a23,6009a0546ddc36bf44d8f22820af7aa7,HW,1678118400
2b9ae5af2403d44c70ec72dd7f0a6074,6009a0546ddc36bf44d8f22820af7aa7,PV,1678118400
77592399c9066a0e1bd99902258cb0b,6009a0546ddc36bf44d8f22820af7aa7,EV,1678118400
7219448b005ec1745ad1d190568dc825,6009a0546ddc36bf44d8f22820af7aa7,ES,1678118400
5959ca1d49aebdab1f28baf17010d60,70cb7720b7175a407e95da7373c3bce7,HC,1678118400
564299b8ac5b8c6376dcaace5ba0b777,70cb7720b7175a407e95da7373c3bce7,HW,1678118400
4c38dc9852bd3594a728ed6484a0759,70cb7720b7175a407e95da7373c3bce7,PV,1678118400
711d3e2ea8cbdc50379cddcb1772c1df,70cb7720b7175a407e95da7373c3bce7,EV,1678118400
7ccece46321af31b4bf0b2ebd698acd0,70cb7720b7175a407e95da7373c3bce7,ES,1678118400
5edba7ee7dda00b77fb751eda53f0e93,1d09d765097bedf251d52e7e8bd9e53e,HC,1678118400
60f443a0ee6ed9fd512c9cd2e975f6c3,1d09d765097bedf251d52e7e8bd9e53e,HW,1678118400
1b398d34cb55e60d2bf1a1e575525802,1d09d765097bedf251d52e7e8bd9e53e,PV,1678118400
190001f3c447f77e279a3c6085957371,1d09d765097bedf251d52e7e8bd9e53e,EV,1678118400
6c4a1aefb2e0742d7bd4b0bae08cce57,1d09d765097bedf251d52e7e8bd9e53e,ES,1678118400
536a1f9017a75a7f34d4e21627f3af94,216c5198b20554337e1e5559a6feb076,HC,1678118400
728a9b55aad5288a1a6db75606acd2f9,216c5198b20554337e1e5559a6feb076,HW,1678118400
175d0d8c7343bce578d0cf46969f7493,216c5198b20554337e1e5559a6feb076,PV,1678118400
1daf84d9e3cb2e7d99d1e4ac4898072,216c5198b20554337e1e5559a6feb076,EV,1678118400
7bc087abe5a295e954669173882a0c3,216c5198b20554337e1e5559a6feb076,ES,1678118400
217a6768c8aba36e1f803bb6a51a289d,1b1d0e1d6d8c7ee33fde895b9036d0c0,HC,1678118400
58f918c5b23a60985d2263b9c5c9f446,1b1d0e1d6d8c7ee33fde895b9036d0c0,HW,1678118400
2b9d68881066ea5dc5b49a9e469604,1b1d0e1d6d8c7ee33fde895b9036d0c0,PV,1678118400
7b3ab97e970b013c46d15f8e3e8a67df,1b1d0e1d6d8c7ee33fde895b9036d0c0,EV,1678118400
689a4bbc7d0a9cd17d894a5242e4be8b,1b1d0e1d6d8c7ee33fde895b9036d0c0,ES,1678118400
2a7a578e06f1ba769e667995c13785,3c97b36002156af64676e2d295b040fe,HC,1678118400
60767d4d8426ca205d75e630a13b20c8,3c97b36002156af64676e2d295b040fe,HW,1678118400
2544c5625288ce747b62f183182a7719,3c97b36002156af64676e2d295b040fe,PV,1678118400
25e2314fe65e36fb7db425e4de7dfd1b,3c97b36002156af64676e2d295b040fe,EV,1678118400
2ccc65a37acf689815ef60aa38c2991b,3c97b36002156af64676e2d295b040fe,ES,1678118400
688ff2d63b9ad7a0124e25cd56476dad,2b74c5fa5c011bfb574d849e931cffe4,HC,1678118400
3447f1d118442c4a6b438060619db335,2b74c5fa5c011bfb574d849e931cffe4,HW,1678118400
66b240147df7e4bd65a5614616462d45,2b74c5fa5c011bfb574d849e931cffe4,PV,1678118400
3de8189d07fe0e80132a995a124a71a5,2b74c5fa5c011bfb574d849e931cffe4,EV,1678118400
5a23b23092eb67134265b5d6cfe3856d,2b74c5fa5c011bfb574d849e931cffe4,ES,1678118400
1c0a70182b48de2697e1e83ca9652cf,5742a2cc6f5499582dde8ad24fcebf3f,HC,1678118400
28941ee22bb012c3212e36011817e325,5742a2cc6f5499582dde8ad24fcebf3f,HW,1678118400
3637cd3053651f4d488ba66b10e587fe,5742a2cc6f5499582dde8ad24fcebf3f,PV,1678118400
1c5d8cc3594a691f608f1eeda0fdfcdb,5742a2cc6f5499582dde8ad24fcebf3f,EV,1678118400
66944db832dbeff57507e2b797371e0e,5742a2cc6f5499582dde8ad24fcebf3f,ES,1678118400
b94a52e50432dc614760e6c76796d5e,194d33211d00278728ca5b52711acd7c,HC,1678118400
3d355ed8521c02ab20aed37c6c685f00,194d33211d00278728ca5b52711acd7c,HW,1678118400
69a00ea218f43fb819da856faf0301a,194d33211d00278728ca5b52711acd7c,PV,1678118400
8f66c4cdc058fb0ebfb52d9528bab4,194d33211d00278728ca5b52711acd7c,EV,1678118400
398f5f256ce3618d7eac72e446fd262a,194d33211d00278728ca5b52711acd7c,ES,1678118400
700e321fee291fc7446fb5ff49cc6b9e,6d747acc5c0c693f53e6f8724081b66a,HC,1678118400
298229f40b2384d95b1fd68f7f58be10,6d747acc5c0c693f53e6f8724081b66a,HW,1678118400
2e128fb1d4fb0df23e81a2f9ca1ca728,6d747acc5c0c693f53e6f8724081b66a,PV,1678118400
68d7c10777987d282e2f12db7afd7a4a,6d747acc5c0c693f53e6f8724081b66a,EV,1678118400
4a4b6d1607413371247aba63450ab5b1,6d747acc5c0c693f53e6f8724081b66a,ES,1678118400
6393670b3476bec3201c13f060bc0925,13f62051e6f1ae1e5f4cf598860365a0,HC,1678118400
4128dc881b84316877d4d8e7a0db2bf8,13f62051e6f1ae1e5f4cf598860365a0,HW,1678118400
6c59161bb5522b1e308b685bb3329d37,13f62051e6f1ae1e5f4cf598860365a0,PV,1678118400
3664e4303e5194e31bf7278b32b43fcd,13f62051e6f1ae1e5f4cf598860365a0,EV,1678118400
1f1a5d11ef8bb17a7a72bd349cfe30d7,13f62051e6f1ae1e5f4cf598860365a0,ES,1678118400
4bc71150fd9e5e76353f92dcf80bdc3f,6c430ef3acc50993136dade2b6423aef,HC,1678118400
1f0f7066a62b78a67221cbe1a531b92,6c430ef3acc50993136dade2b6423aef,HW,1678118400
6e3e5d3b5a99e8cc6549744a5a4ce5d2,6c430ef3acc50993136dade2b6423aef,PV,1678118400
12157c8df69f436543e59e4196b2f1d8,6c430ef3acc50993136dade2b6423aef,EV,1678118400
7db43c8751bd07cf1305c901ac9aa7b6,6c430ef3acc50993136dade2b6423aef,ES,1678118400
652772a4f259ab0b2f35c8dbd54ff71e,58ce52e94681a32f521e5cb8b4e6c840,HC,1678118400
1a97f835a2892e493275db8f4cddd52d,58ce52e94681a32f521e5cb8b4e6c840,HW,1678118400
14cf5b25477fccda541971fc37268e0a,58ce52e94681a32f521e5cb8b4e6c840,PV,1678118400
3c407688284aef8e4f8c021735caef88,58ce52e94681a32f521e5cb8b4e6c840,EV,1678118400
1c8df40a93b8a984139d60a9c3e67287,58ce52e94681a32f521e5cb8b4e6c840,ES,1678118400
3f59823950e56bde28a69296331065f,7bd74f71b045a21234a6b87b6abfedb7,HC,1678118400
3a9bf138d79f4e0a195ef6956391cfd4,7bd74f71b045a21234a6b87b6abfedb7,HW,1678118400
6fb62fc9b3e1751830b6d39e6d3b6e6a,7bd74f71b045a21234a6b87b6abfedb7,PV,1678118400
47ef1661edd42024525224d56187b91f,7bd74f71b045a21234a6b87b6abfedb7,EV,1678118400
2520046d744a931a3e3419fbf9868d94,7bd74f71b045a21234a6b87b6abfedb7,ES,1678118400
7a7b97d798433c4e3d8507c3c1b23486,1d426eec8699e41756d6af167015ccad,HC,1678118400
7b0af3cc6f749703ba3a98ad9ac1f60,1d426eec8699e41756d6af167015ccad,HW,1678118400
584de0c0434b2e612c51c0b582812ee,1d426eec8699e41756d6af167015ccad,PV,1678118400
56a94439c99af4f02856797d06f1835,1d426eec8699e41756d6af167015ccad,EV,1678118400
57426dd08e8f48e67fe00d3c72f4117f,1d426eec8699e41756d6af167015ccad,ES,1678118400
1575a10157772752dbc4f0f0a61cf5a,9656d12079e333a5f11e4af0ae83202,HC,1678118400
30537a4d8f3f2841104ddf3714ec5efe,9656d12079e333a5f11e4af0ae83202,HW,1678118400
1d05eef224a9093f26d7a520be57464,9656d12079e333a5f11e4af0ae83202,PV,1678118400
2d4a323bbf150034f66856b1431fe1f,9656d12079e333a5f11e4af0ae83202,EV,1678118400
1d72e0d6811e9fb4146476df60b5e787,9656d12079e333a5f11e4af0ae83202,ES,1678118400
1d48001660ca6500aa0476a08a8c9f1,38d35afd18639da6535e9436c129f718,HC,1678118400
7516e9e34cd243a529bcc81353b9f011,38d35afd18639da6535e9436c129f718,HW,1678118400
578b1eb90876be9579dc577108eb4f40,38d35afd18639da6535e9436c129f718,PV,1678118400
71cd7cbef02a6489243c7ff023f9baee,38d35afd18639da6535e9436c129f718,EV,1678118400
622659b9f95c84da4ec02b0deeae0465,38d35afd18639da6535e9436c129f718,ES,1678118400
d5f3571a10e619b551150dda603a58d,11337d508e15d9a14b7d7213bef439e0,HC,1678118400
3df54ea0e3e8f95e46b652e82f7009b0,11337d508e15d9a14b7d7213bef439e0,HW,1678118400
6c4433f38d0ec6bb6be275de648ea9a4,11337d508e15d9a14b7d7213bef439e0,PV,1678118400
621ee465fe5fc9b328614dfb3aa1b260,11337d508e15d9a14b7d7213bef439e0,EV,1678118400
761d456be2b0902716c17b59684be382,11337d508e15d9a14b7d7213bef439e0,ES,1678118400
30db7281dacf9e341beb6eab4a3947b4,f0e245afb4b3629fef30bd50ee2c79,HC,1678118400
466271a62f6b19e650732779f2b002e8,f0e245afb4b3629fef30bd50ee2c79,HW,1678118400
548620b30176d3885f79433da53e2e25,f0e245afb4b3629fef30bd50ee2c79,PV,1678118400
53ebc23b7022ea564c58ec2a48fea589,f0e245afb4b3629fef30bd50ee2c79,EV,1678118400
57b150bcf9c6783b2b922e54d0d1daec,f0e245afb4b3629fef30bd50ee2c79,ES,1678118400
54e836f385a12105159784fe6fb3c234,289a9e3441342416360c475cb25a2e43,HC,1678118400
26706939a69314e765b2c310037b6113,289a9e3441342416360c475cb25a2e43,HW,1678118400
391f8da291684b28305bfbe592ba4987,289a9e3441342416360c475cb25a2e43,PV,1678118400
4d7155d55a01b0e773d56f973c0eec1a,289a9e3441342416360c475cb25a2e43,EV,1678118400
2b24017403c418d73b4829372f9c5b43,289a9e3441342416360c475cb25a2e43,ES,1678118400
1c0c17cb1161630b7e9b2883ab9e92cc,399162e424f4147849109a706f74d188,HC,1678118400
61a4c2eb1e45cd9c52c75735a18ba4b7,399162e424f4147849109a706f74d188,HW,1678118400
70a8ef24d4b161a348a409a3a50ea01,399162e424f4147849109a706f74d188,PV,1678118400
7510d738bec0776cd2ba66574f82a1,399162e424f4147849109a706f74d188,EV,1678118400
33ef3975e9a1a0935f7a6b74d061dc80,399162e424f4147849109a706f74d188,ES,1678118400
4274d08ccd6d5de32d2aa0036a4cfcdb,47fe9a7528cb3731102da6629bbe7cf3,HC,1678118400
3ec367b48e59510a56ab0a34388f8a18,47fe9a7528cb3731102da6629bbe7cf3,HW,1678118400
5ed04478c25094f06ebbe2167284299,47fe9a7528cb3731102da6629bbe7cf3,PV,1678118400
2759e81b8280e81063a07274e2e5b21f,47fe9a7528cb3731102da6629bbe7cf3,EV,1678118400
1f18c3daf74fb0a4ec6fc65b759a2de,47fe9a7528cb3731102da6629bbe7cf3,ES,1678118400
