[
    {
        "httpMethod": "GET",
        "path": "/STAGING/db/dispatches/query",
        "headers": {
            "Content-Type": "application/json"
        },
        "queryStringParameters": {
            "gsi_name": "order_id_valid_at_index",
            "key_name": "order_id",
            "key_value": "123"
        }
    },
    {
        "httpMethod": "GET",
        "path": "/STAGING/db/dispatches/scan",
        "headers": {
            "Content-Type": "application/json"
        },
        "queryStringParameters": {
            "key_name": "order_id",
            "key_value": "123"
        }
    },
    {
        "httpMethod": "POST",
        "path": "/STAGING/db/dispatches",
        "headers": {
            "Content-Type": "application/json"
        },
        "body": "{\"data\":[{\"record_time\":\"123211\",\"quantity\":\"1\"}]}"
    },
    {
        "httpMethod": "DELETE",
        "path": "/STAGING/db/dispatches",
        "headers": {
            "Content-Type": "application/json"
        },
        "body": "{\"data\":[{\"order_id\":\"eed1e71df2495fbf2bdbf629afe8b0\"}]}"
    },
    {
        "httpMethod": "GET",
        "path": "/STAGING/db/dispatch",
        "pathParameters": {
            "order_id": "eed1e71df2495fbf2bdbf629afe8b0"
        },
        "headers": {
            "Content-Type": "application/json"
        }
    },
    {
        "httpMethod": "POST",
        "path": "/STAGING/db/dispatch",
        "headers": {
            "Content-Type": "application/json"
        },
        "body": "{\"record_time\":\"123211\",\"quantity\":\"1\"}"
    },
    {
        "httpMethod": "PUT",
        "path": "/STAGING/db/dispatch",
        "headers": {
            "Content-Type": "application/json"
        },
        "pathParameters": {
            "order_id": "eed1e71df2495fbf2bdbf629afe8b0"
        },
        "body": "{\"order_id\":\"eed1e71df2495fbf2bdbf629afe8b0\",\"record_time\":\"123211\",\"quantity\":\"1\"}"
    },
    {
        "httpMethod": "DELETE",
        "path": "/STAGING/db/dispatch",
        "pathParameters": {
            "order_id": "eed1e71df2495fbf2bdbf629afe8b0"
        },
        "headers": {
            "Content-Type": "application/json"
        }
    }
]